timestamp_s,source,amplitude,phase_std,amplitude_MA,phase_MA,SNR_dB,backlog
1762850080.903430,CSI,1440.0421568467425,1.4170111598678363,1440.0421568467425,1.4170111598678363,,
1762850085.409377,CSI,nan,0.0,nan,0.7085055799339182,,
1762850085.418895,CSI,1299.218410474037,0.7375622301821885,nan,0.7181911300166749,,
1762850085.423525,CSI,1364.8954338303336,1.538576525602664,nan,0.9232874789131722,,
1762850085.698185,CSI,nan,0.0,nan,0.7386299831305377,,
1762850085.724996,CSI,1446.6763698502598,1.9010173867477556,nan,0.9323612170667408,,
1762850085.894680,CSI,nan,0.0,nan,0.7991667574857778,,
1762850085.896699,CSI,nan,0.0,nan,0.6992709128000556,,
1762850085.898715,CSI,nan,0.0,nan,0.6215741447111606,,
1762850085.900730,CSI,nan,0.0,nan,0.5594167302400445,,
1762850085.908539,CSI,1448.6616217794124,1.0995591612688038,nan,0.6085205876062953,,
1762850085.910555,CSI,nan,0.0,nan,0.557810538639104,,
1762850085.912569,CSI,nan,0.0,nan,0.5149020356668653,,
1762850085.914581,CSI,1490.0640476688322,1.3157689601463958,nan,0.5721068159868318,,
1762850085.916593,CSI,1452.3977162545648,1.0686388319256546,nan,0.6052089503827534,,
1762850085.918609,CSI,nan,0.0,nan,0.5673833909838312,,
1762850085.922381,CSI,nan,0.0,nan,0.534007897396547,,
1762850085.988862,CSI,1094.5688648961288,0.2391516192992916,nan,0.5176269930578106,,
1762850085.990877,CSI,nan,0.0,nan,0.49038346710739955,,
1762850085.994405,CSI,1473.8174143489578,1.3941026057691808,nan,0.5355694240404886,,
1762850085.996417,CSI,1467.0908347120605,1.3446481441479838,nan,0.5740969821408455,,
1762850085.998428,CSI,1060.9448619037655,0.1768966947566011,nan,0.5560424236233799,,
1762850086.000441,CSI,1079.8189663087048,0.2262828456858027,nan,0.5417050506695722,,
1762850086.006479,CSI,1471.372310728284,1.5010894143891396,nan,0.5816793991578875,,
1762850086.010258,CSI,nan,0.0,nan,0.558412223191572,,
1762850086.012269,CSI,nan,0.0,nan,0.5369348299918961,,
1762850086.014282,CSI,nan,0.0,nan,0.5170483548070111,,
1762850086.016292,CSI,nan,0.0,nan,0.4985823421353321,,
1762850086.018301,CSI,nan,0.0,nan,0.4813898475789414,,
1762850086.022328,CSI,1561.0169387628046,1.1298309977017034,nan,0.5030045525830334,,
1762850086.032128,CSI,nan,0.0,nan,0.48677859927390327,,
1762850086.063596,CSI,1134.4514092723407,0.036359580734974466,nan,0.47270300494456174,,
1762850086.158454,CSI,nan,0.0,nan,0.4583786714613932,,
1762850086.177834,CSI,1551.2153071598996,1.7013630642256101,nan,0.4949370359544584,,
1762850086.184688,CSI,1562.9404524186018,1.2793107644757171,nan,0.5173477139122087,,
1762850086.190557,CSI,1146.7698112524588,0.14590370865947402,nan,0.5070298248774106,,
1762850086.193227,CSI,nan,0.0,nan,0.49332631609693994,,
1762850086.195900,CSI,1055.1227416751096,0.2157305811352641,nan,0.48602116517689586,,
1762850086.198553,CSI,nan,0.0,nan,0.47355908401851393,,
1762850086.201142,CSI,1493.6701194314203,1.7288986511749107,nan,0.5049425731974237,,
1762850086.208292,CSI,nan,0.0,nan,0.4926269006804135,,
1762850086.211860,CSI,1077.050138108714,0.37629025378741354,nan,0.4898569805162944,,
1762850086.230484,CSI,1081.6048261726646,0.023637744759795826,nan,0.47901467270800374,,
1762850086.274629,CSI,1487.0456321507534,1.1764795052981798,nan,0.49486614617596225,,
1762850086.284699,CSI,nan,0.0,nan,0.48386912070538535,,
1762850086.362595,CSI,nan,0.0,nan,0.4733502267770074,,
1762850086.366619,CSI,1042.0158348125042,0.3839614341133688,nan,0.4714483375713981,,
1762850086.370061,CSI,nan,0.0,nan,0.4616264972053273,,
1762850086.374105,CSI,nan,0.0,nan,0.4522055482827696,,
1762850086.376118,CSI,1477.5011376991126,1.1641524400104974,nan,0.46644448611732414,,
1762850086.380141,CSI,nan,0.0,nan,0.45729851580129816,,
1762850086.382151,CSI,1049.796972383529,0.40855629737501004,nan,0.4563611654469465,,
1762850086.384161,CSI,1040.0139422142379,0.2068948943789283,nan,0.4516542546720782,,
1762850086.389689,CSI,nan,0.0,nan,0.44329028699296563,,
1762850086.505200,CSI,nan,0.0,nan,0.43523046359309353,,
1762850086.533971,CSI,nan,0.0,nan,0.42745849102893124,,
1762850086.583446,CSI,1484.6330661414263,1.274670153797288,nan,0.44232185353363923,,
1762850086.590771,CSI,nan,0.0,nan,0.434695614679611,,
1762850086.592768,CSI,nan,0.0,nan,0.4273278923969057,,
1762850086.596298,CSI,1486.4487485874683,1.3216777368905752,nan,0.44223372313846687,,
1762850086.600296,CSI,nan,0.0,nan,0.43498398997226245,,
1762850086.605174,CSI,1095.1132361541431,0.37410360833206957,nan,0.43400204833290457,,
1762850086.607171,CSI,nan,0.0,nan,0.42711312693079495,,
1762850086.609172,CSI,nan,0.0,nan,0.4204394843225012,,
1762850086.613170,CSI,1065.2445728563935,0.36186203176924253,nan,0.4195382927447588,,
1762850086.615168,CSI,1046.3058826175068,0.01902624874520338,nan,0.4134699284417352,,
1762850086.617174,CSI,1485.5120442659413,1.2186678530750688,nan,0.42548780791387447,,
1762850086.620575,CSI,1098.3282751527431,0.1968011591057333,nan,0.4221247689608136,,
1762850086.623574,CSI,1086.5652304394798,0.16833667763336513,nan,0.4184466806807056,,
1762850086.649662,CSI,1087.6014895171852,0.1842324804920457,nan,0.41510076353515335,,
1762850086.657451,CSI,1117.8953439387785,0.15476296330786896,nan,0.4114340339544874,,
1762850086.673544,CSI,1091.6189811468103,0.22977256933607837,nan,0.40891095805700955,,
1762850086.709213,CSI,1101.585221396874,0.3494033438814765,nan,0.40809578526008444,,
1762850086.740861,CSI,1119.6794184051075,0.3774195704189814,nan,0.40768124181628573,,
1762850086.744888,CSI,nan,0.0,nan,0.40224549192540193,,
1762850086.746898,CSI,1095.9292860399341,0.3744423996211552,nan,0.401879661763504,,
1762850086.748654,CSI,1078.0547295940034,0.3600142861128092,nan,0.4013359555862222,,
1762850086.750666,CSI,nan,0.0,nan,0.3961906228222963,,
1762850086.754694,CSI,1493.4889711062233,1.4451291624307048,nan,0.4094683258553141,,
1762850086.758719,CSI,1091.4439976471538,0.19895729569511078,nan,0.4068369379783115,,
1762850086.760731,CSI,nan,0.0,nan,0.4018142597316657,,
1762850086.762743,CSI,nan,0.0,nan,0.396914085832499,,
1762850086.804213,CSI,1078.1284710089053,0.17500605434542396,nan,0.3942404950916909,,
1762850086.806224,CSI,1080.770558444298,0.03663460104198725,nan,0.38998328206728966,,
1762850086.810246,CSI,1488.1843852054603,1.3129354279751617,nan,0.4008415426073823,,
1762850086.812001,CSI,nan,0.0,nan,0.396180594437529,,
1762850086.814013,CSI,nan,0.0,nan,0.3916267945014654,,
1762850086.816023,CSI,1088.2761598050377,0.2090902467512516,nan,0.3895525155497585,,
1762850086.818033,CSI,nan,0.0,nan,0.3851755209930196,,
1762850086.822057,CSI,1089.1033008856414,0.1891527129458213,nan,0.38299748979249515,,
1762850086.824067,CSI,1482.0771096036879,1.3456540964044625,nan,0.3935761338211981,,
1762850086.826081,CSI,1082.61950841466,0.1539032146286314,nan,0.390970993395192,,
1762850086.827834,CSI,nan,0.0,nan,0.3867670042188996,,
1762850086.829844,CSI,1103.8319618492662,0.03355183843801467,nan,0.3830093960722944,,
1762850086.831856,CSI,nan,0.0,nan,0.37897771821890186,,
1762850086.835880,CSI,1481.861217284288,1.5076244500576519,nan,0.39073445500888876,,
1762850086.847680,CSI,nan,0.0,nan,0.3867062647510652,,
1762850086.849691,CSI,1099.1960698619696,0.02606120125871095,nan,0.3830262130827759,,
1762850086.851699,CSI,1101.0222522728593,0.04292612327456645,nan,0.37959085864026876,,
1762850086.853708,CSI,1123.5488418399975,0.20176130723493832,nan,0.3778125631262154,,
1762850086.857732,CSI,1480.0020824603355,1.250097677632765,nan,0.37614342830386477,,
1762850086.859487,CSI,nan,0.0,nan,0.37614342830386477,,
1762850086.861502,CSI,nan,0.0,nan,0.3687678060020429,,
1762850086.865529,CSI,1119.1334022319322,0.35257101105645844,nan,0.35690775085658083,,
1762850086.891181,CSI,nan,0.0,nan,0.35690775085658083,,
1762850086.897218,CSI,1472.3693007971237,0.927873422034011,nan,0.3471763112094434,,
1762850086.944715,CSI,nan,0.0,nan,0.3471763112094434,,
1762850086.950748,CSI,nan,0.0,nan,0.3471763112094433,,
1762850086.954515,CSI,nan,0.0,nan,0.3471763112094433,,
1762850086.966202,CSI,1098.8766991796667,0.2071260158461915,nan,0.34924757136790524,,
1762850087.013807,CSI,1099.4657793674162,0.194362218290638,nan,0.3401956019381236,,
1762850087.022559,CSI,1389.6067763793417,1.7169455244807912,nan,0.35736505718293154,,
1762850087.044523,CSI,nan,0.0,nan,0.35736505718293154,,
1762850087.060524,CSI,1114.3504834655926,0.33984076566316807,nan,0.3476057752380992,,
1762850087.091877,CSI,1108.4065138747605,0.1559331265268465,nan,0.3384787181841111,,
1762850087.093890,CSI,nan,0.0,nan,0.33847871818411124,,
1762850087.095904,CSI,1214.730422768772,0.15812983279331955,nan,0.34006001651204437,,
1762850087.097920,CSI,1496.4812121550415,0.9081577180744493,nan,0.346750077499796,,
1762850087.101944,CSI,1496.720975279057,1.7634973617097967,nan,0.36438505111689395,,
1762850087.103956,CSI,1517.678314840039,1.188441645237075,nan,0.3623284415115729,,
1762850087.105966,CSI,1050.2618721061904,0.37702173965564817,nan,0.35265217746664945,,
1762850087.107978,CSI,nan,0.0,nan,0.3508832105190835,,
1762850087.131291,CSI,nan,0.0,nan,0.3486203820622255,,
1762850087.145277,CSI,1407.6377867786036,1.7479887305715585,nan,0.3510893752240496,,
1762850087.291734,CSI,nan,0.0,nan,0.35108937522404965,,
1762850087.309924,CSI,nan,0.0,nan,0.35108937522404965,,
1762850087.311934,CSI,nan,0.0,nan,0.35108937522404965,,
1762850087.313945,CSI,nan,0.0,nan,0.3510893752240496,,
1762850087.315957,CSI,nan,0.0,nan,0.35108937522404965,,
1762850087.319026,CSI,nan,0.0,nan,0.33979106524703256,,
1762850087.321040,CSI,nan,0.0,nan,0.3397910652470326,,
1762850087.323055,CSI,1118.0541131805742,0.3804566309025075,nan,0.34323203574870786,,
1762850087.326078,CSI,1033.1045445645857,0.01105362973298455,nan,0.3433425720460378,,
1762850087.328127,CSI,1039.0269486399282,0.1774823454146657,nan,0.3281037648579283,,
1762850087.330139,CSI,nan,0.0,nan,0.3153106572131712,,
1762850087.332151,CSI,nan,0.0,nan,0.3138516201265764,,
1762850087.334164,CSI,nan,0.0,nan,0.31385162012657647,,
1762850087.336180,CSI,1124.3253137483655,0.3748745188890856,nan,0.3154430595041146,,
1762850087.338190,CSI,1094.8118559825703,0.16146874140519965,nan,0.3170577469181666,,
1762850087.356185,CSI,nan,0.0,nan,0.29976876040641753,,
1762850087.370555,CSI,nan,0.0,nan,0.29976876040641753,,
1762850087.390141,CSI,nan,0.0,nan,0.29600585786854344,,
1762850087.485086,CSI,nan,0.0,nan,0.2957694804209454,,
1762850087.611117,CSI,1075.0911589256048,0.0015820220818040787,nan,0.28402050558878167,,
1762850087.615138,CSI,1102.5810627795129,0.1649770730005291,nan,0.285670276318787,,
1762850087.616894,CSI,1080.4503690591253,0.3495728808335044,nan,0.28916600512712204,,
1762850087.620922,CSI,1071.1213750084535,0.005559381895613829,nan,0.2853819846049445,,
1762850087.622935,CSI,1103.2397744824104,0.23625373122239077,nan,0.28774452191716837,,
1762850087.622935,CSI,nan,0.0,nan,0.28774452191716837,,
1762850087.625446,CSI,1079.0829439853082,0.02517259177945461,nan,0.276354723434858,,
1762850087.627500,CSI,nan,0.0,nan,0.27635472343485795,,
1762850087.631517,CSI,1098.6427990934997,0.15607538612007768,nan,0.27382991432230863,,
1762850087.653141,CSI,nan,0.0,nan,0.27176096537851935,,
1762850087.655154,CSI,nan,0.0,nan,0.27176096537851935,,
1762850087.657166,CSI,nan,0.0,nan,0.27176096537851935,,
1762850087.659181,CSI,nan,0.0,nan,0.27176096537851935,,
1762850087.663207,CSI,1052.3592542473316,0.3650123217663552,nan,0.26266438705821,,
1762850087.666977,CSI,1094.3966374217348,0.010893086984299217,nan,0.262773317928053,,
1762850087.668989,CSI,1126.8739947305555,0.3405529930335306,nan,0.2661788478583883,,
1762850087.670999,CSI,1055.31274985191,0.2240029911875641,nan,0.2552021004013582,,
1762850087.673015,CSI,1063.7692418941244,0.22556606122561076,nan,0.2574577610136143,,
1762850087.675029,CSI,1065.7930846505233,0.2303251432797822,nan,0.2560199763630914,,
1762850087.677043,CSI,1055.113737944872,0.020298192055530948,nan,0.2562229582836467,,
1762850087.679054,CSI,1100.8832817333544,0.03238396126327712,nan,0.2565467978962795,,
1762850087.682825,CSI,nan,0.0,nan,0.25292817757858704,,
1762850087.684837,CSI,1081.237254260137,0.03240437324829724,nan,0.25306195882361804,,
1762850087.688229,CSI,1106.4108640102916,0.015856136158891195,nan,0.2410338416544563,,
1762850087.703434,CSI,nan,0.0,nan,0.2390658300633989,,
1762850087.705446,CSI,1105.8141796884322,0.22591746661688575,nan,0.23964163795323412,,
1762850087.709471,CSI,nan,0.0,nan,0.23779931314831362,,
1762850087.716512,CSI,1487.3318378069403,1.1531489214124617,nan,0.24778317272935962,,
1762850087.718523,CSI,1481.5877399376711,1.610307827672702,nan,0.2615885253127258,,
1762850087.720534,CSI,1072.0391783885511,0.21965234477519122,nan,0.260291015321663,,
1762850087.724556,CSI,nan,0.0,nan,0.25651681961747314,,
1762850087.726568,CSI,nan,0.0,nan,0.2565168196174732,,
1762850087.730336,CSI,nan,0.0,nan,0.25277239562126164,,
1762850087.732346,CSI,nan,0.0,nan,0.24917225276013347,,
1762850087.734355,CSI,nan,0.0,nan,0.24917225276013347,,
1762850087.738378,CSI,1068.6299640193513,0.006710626552644233,nan,0.23478806740135286,,
1762850087.740386,CSI,1089.5695489259697,0.22661746032737307,nan,0.2350646690476755,,
1762850087.748166,CSI,nan,0.0,nan,0.2350646690476755,,
1762850087.752188,CSI,nan,0.0,nan,0.2350646690476755,,
1762850087.754199,CSI,1072.395915695318,0.22385673668294037,nan,0.23555317587105068,,
1762850087.759973,CSI,1079.17140237148,0.35908064273735485,nan,0.23877763628800439,,
1762850087.763988,CSI,nan,0.0,nan,0.22564828200825274,,
1762850087.765996,CSI,nan,0.0,nan,0.22564828200825274,,
1762850087.768006,CSI,1440.5065894322702,1.102149050824274,nan,0.23666977251649549,,
1762850087.774039,CSI,1448.5656451165507,1.1867619093541417,nan,0.2464464891425244,,
1762850087.779815,CSI,nan,0.0,nan,0.2464464891425244,,
1762850087.813506,CSI,1332.1691294239745,1.4790919103927866,nan,0.259345881116994,,
1762850087.825329,CSI,1289.7798912944695,1.3510127101930685,nan,0.2593994672548801,,
1762850087.827340,CSI,nan,0.0,nan,0.25786043510859374,,
1762850087.829351,CSI,1481.6960159043488,1.1396578634166648,nan,0.26925701374276045,,
1762850087.831361,CSI,1457.5752000310158,1.2326810027136235,nan,0.28124830538551654,,
1762850087.835394,CSI,nan,0.0,nan,0.28124830538551654,,
1762850087.853233,CSI,nan,0.0,nan,0.26617206088494,,
1762850087.857002,CSI,nan,0.0,nan,0.26617206088494,,
1762850087.859013,CSI,1381.9557690035433,0.5945371518462972,nan,0.2718568203908158,,
1762850087.869075,CSI,nan,0.0,nan,0.2714275591580702,,
1762850087.872842,CSI,1127.3020890604257,0.01937190503997173,nan,0.26960366513612055,,
1762850087.874852,CSI,nan,0.0,nan,0.2571026883597929,,
1762850087.876865,CSI,1529.9780918440763,1.2459034312767265,nan,0.2695617226725602,,
1762850087.878879,CSI,1520.669108750242,1.3402591216517212,nan,0.28296431388907733,,
1762850087.880890,CSI,1119.160399585332,0.222219135970454,nan,0.28166079513821735,,
1762850087.882900,CSI,nan,0.0,nan,0.28166079513821735,,
1762850087.886662,CSI,1055.8939340672434,0.2144452304409241,nan,0.2745265132222864,,
1762850087.888670,CSI,1339.7685647785688,1.6545190193268935,nan,0.29107170341555544,,
1762850087.892690,CSI,nan,0.0,nan,0.2910717034155554,,
1762850087.962013,CSI,1069.9107439408206,0.17052041656371852,nan,0.29277690758119257,,
1762850087.964023,CSI,1476.4727583091596,1.3395508194507237,nan,0.30410115561723794,,
1762850087.969800,CSI,nan,0.0,nan,0.30215753343433155,,
1762850087.971813,CSI,nan,0.0,nan,0.2849880781895236,,
1762850087.973827,CSI,nan,0.0,nan,0.2849880781895236,,
1762850087.975837,CSI,nan,0.0,nan,0.28158967053289197,,
1762850087.975837,CSI,nan,0.0,nan,0.28003033926762344,,
1762850087.977845,CSI,nan,0.0,nan,0.28003033926762344,,
1762850087.979855,CSI,1084.8801777154931,0.029054746914168057,nan,0.27873958840883195,,
1762850087.981605,CSI,1489.0707388263215,1.225903457232445,nan,0.2819170458004119,,
1762850087.985628,CSI,nan,0.0,nan,0.2642820721833139,,
1762850087.987636,CSI,1077.6534693490296,0.17146732934785275,nan,0.2541123290244217,,
1762850087.989646,CSI,1096.4834700076422,0.23334733069586572,nan,0.2526755849348239,,
1762850087.991655,CSI,1482.3384200449234,1.457814789076545,nan,0.26725373282558934,,
1762850087.997425,CSI,nan,0.0,nan,0.26725373282558934,,
1762850088.048888,CSI,nan,0.0,nan,0.24977384551987375,,
1762850088.094327,CSI,nan,0.0,nan,0.24977384551987375,,
1762850088.196026,CSI,1514.0472678725114,1.178810192563619,nan,0.2615619474455099,,
1762850088.227458,CSI,nan,0.0,nan,0.26156194744551,,
1762850088.229470,CSI,1076.007434918551,0.38120025921551864,nan,0.2653739500376651,,
1762850088.231481,CSI,1085.3907130614302,0.3735872668217413,nan,0.2691098227058826,,
1762850088.233494,CSI,1511.1070575004462,1.4266645917158494,nan,0.283376468623041,,
1762850088.237259,CSI,nan,0.0,nan,0.283376468623041,,
1762850088.239269,CSI,nan,0.0,nan,0.27957190231401596,,
1762850088.241280,CSI,1083.7937995762848,0.15908038236132882,nan,0.2810521698402994,,
1762850088.243292,CSI,1097.9854279543058,0.37434507662015176,nan,0.28302079715235423,,
1762850088.245305,CSI,1521.335757532357,1.6263880311711305,nan,0.29928467746406556,,
1762850088.247317,CSI,nan,0.0,nan,0.29928467746406556,,
1762850088.323050,CSI,1095.782825198497,0.22015659641393528,nan,0.30148624342820496,,
1762850088.327071,CSI,1091.1008202728106,0.19628344780295512,nan,0.29970033271734364,,
1762850088.342654,CSI,1516.5476276184409,1.219068334197096,nan,0.3102763286452626,,
1762850088.356603,CSI,1498.3663962059545,1.6077237808571059,nan,0.3263535664538337,,
1762850088.384540,CSI,1083.573716920081,0.34476270183338203,nan,0.3298011934721674,,
1762850088.386551,CSI,nan,0.0,nan,0.3298011934721675,,
1762850088.388562,CSI,nan,0.0,nan,0.3298011934721674,,
1762850088.390575,CSI,nan,0.0,nan,0.32978537325134943,,
1762850088.394342,CSI,1105.7612762255694,0.15653418682016743,nan,0.3297009443895458,,
1762850088.396357,CSI,1071.6491963324565,0.345289141260081,nan,0.3296581069938116,,
1762850088.445354,CSI,nan,0.0,nan,0.32960251317485545,,
1762850088.445864,CSI,1099.0441301421886,0.1982364182040329,nan,0.3292223400446719,,
1762850088.449888,CSI,1501.983496210072,1.2850801174734612,nan,0.34207314121940646,,
1762850088.451903,CSI,1066.2349647240048,0.014160224860567856,nan,0.34196301755021763,,
1762850088.453916,CSI,nan,0.0,nan,0.3419630175502176,,
1762850088.455930,CSI,1054.0537722916997,0.2516852584714018,nan,0.3429191162737309,,
1762850088.459954,CSI,1479.0114814841445,1.436606832973471,nan,0.35728518460346564,,
1762850088.461888,CSI,nan,0.0,nan,0.35728518460346564,,
1762850088.500603,CSI,nan,0.0,nan,0.3572851846034655,,
1762850088.522535,CSI,nan,0.0,nan,0.3572851846034655,,
1762850088.524547,CSI,1497.8484832543804,1.5935886435280564,nan,0.3695709478210826,,
1762850088.526560,CSI,1484.5824158476635,1.3826171967555736,nan,0.3832881889187953,,
1762850088.530582,CSI,1064.9178372062324,0.207418769270246,nan,0.3819568466811625,,
1762850088.532594,CSI,1080.683117292021,0.17730841686428128,nan,0.38148990093792967,,
1762850088.534605,CSI,nan,0.0,nan,0.37923424032567354,,
1762850088.538373,CSI,1488.405215032098,1.3337042263880527,nan,0.3902680311567562,,
1762850088.548499,CSI,1086.6646216749673,0.19507500695741745,nan,0.392015799305775,,
1762850088.604944,CSI,nan,0.0,nan,0.3916919596931423,,
1762850088.648475,CSI,1076.3085059591417,0.3568746605639345,nan,0.3952607062987816,,
1762850088.669747,CSI,nan,0.0,nan,0.3949366625662987,,
1762850088.744983,CSI,1482.795994314534,1.2734892584639064,nan,0.4075129937893488,,
1762850088.754779,CSI,1493.3140781359027,1.3735530884608957,nan,0.42124852467395774,,
1762850088.758799,CSI,1497.1255954004423,1.3252656273169992,nan,0.43224200628095893,,
1762850088.762821,CSI,nan,0.0,nan,0.43224200628095893,,
1762850088.764831,CSI,1289.0906256731441,1.3474521258931345,nan,0.4341850383257656,,
1762850088.766842,CSI,1074.9706972750466,0.03565617339914971,nan,0.41843852178303015,,
1762850088.770607,CSI,1085.8696975236026,0.21026343905408745,nan,0.41834463272581907,,
1762850088.772619,CSI,1054.6146215561398,0.21918987177099095,nan,0.420536531443529,,
1762850088.776640,CSI,nan,0.0,nan,0.420536531443529,,
1762850088.778653,CSI,nan,0.0,nan,0.4205365314435291,,
1762850088.782680,CSI,1061.452778035839,0.19437439755307187,nan,0.42248027541905975,,
1762850088.784692,CSI,1094.0370194833445,0.3402116519198021,nan,0.4258823919382578,,
1762850088.788465,CSI,1492.6250521376871,1.5730112154804907,nan,0.4415453978275362,,
1762850088.798524,CSI,1044.0234671692012,0.19554889685336027,nan,0.4412347121927961,,
1762850088.806325,CSI,nan,0.0,nan,0.44123471219279614,,
1762850088.810344,CSI,nan,0.0,nan,0.44123471219279614,,
1762850088.812356,CSI,1512.5605145271306,1.3820510930295653,nan,0.45281665575626234,,
1762850088.816382,CSI,nan,0.0,nan,0.4492258493288888,,
1762850088.824168,CSI,nan,0.0,nan,0.44922584932888887,,
1762850088.832211,CSI,1078.3399278520665,0.1988304393076971,nan,0.4512141537219658,,
1762850088.835977,CSI,nan,0.0,nan,0.4401926632137231,,
1762850088.842009,CSI,nan,0.0,nan,0.4283250441201817,,
1762850088.853802,CSI,1493.0007372226123,0.9369347748774884,nan,0.43769439186895653,,
1762850088.887438,CSI,1065.1107923591799,0.35800708028060124,nan,0.4264835435678346,,
1762850088.905259,CSI,nan,0.0,nan,0.4129734164659039,,
1762850088.925112,CSI,nan,0.0,nan,0.41297341646590396,,
1762850088.928874,CSI,1043.7336825071807,0.21448667765843493,nan,0.4037217046083216,,
1762850088.930884,CSI,nan,0.0,nan,0.39139489458118537,,
1762850088.932898,CSI,1036.0909581872256,0.27166589128900487,nan,0.39411155349407545,,
1762850088.968585,CSI,nan,0.0,nan,0.39411155349407545,,
1762850088.970595,CSI,nan,0.0,nan,0.39411155349407545,,
1762850088.974622,CSI,1479.9345190358024,1.1369789298400097,nan,0.3995359712740126,,
1762850088.976376,CSI,nan,0.0,nan,0.3995359712740127,,
1762850088.978386,CSI,nan,0.0,nan,0.39934225222361286,,
1762850089.016065,CSI,nan,0.0,nan,0.3993422522236129,,
1762850089.023852,CSI,1475.9202359459941,1.8855546436496684,nan,0.4057387643473423,,
1762850089.031894,CSI,nan,0.0,nan,0.39233617313082514,,
1762850089.043699,CSI,nan,0.0,nan,0.39011398177112055,,
1762850089.053754,CSI,nan,0.0,nan,0.39011398177112055,,
1762850089.073343,CSI,1429.5639321946446,1.2671828118472526,nan,0.40064135758518377,,
1762850089.101419,CSI,nan,0.0,nan,0.38409616739191493,,
1762850089.105186,CSI,nan,0.0,nan,0.38409616739191493,,
1762850089.109222,CSI,1445.6267349596912,1.3909102513191427,nan,0.39630006573946913,,
1762850089.111234,CSI,nan,0.0,nan,0.3829045575449619,,
1762850089.125271,CSI,1025.6675874765665,0.3772685117987902,nan,0.3866772426629497,,
1762850089.127282,CSI,1052.0304178111962,0.3807280573248475,nan,0.39048452323619826,,
1762850089.129291,CSI,nan,0.0,nan,0.39048452323619826,,
1762850089.131299,CSI,1438.7185327725167,1.1224278419663944,nan,0.4017088016558621,,
1762850089.135011,CSI,1458.8637258639262,2.2702517814730503,nan,0.4244113194705927,,
1762850089.138007,CSI,nan,0.0,nan,0.4244113194705927,,
1762850089.140009,CSI,nan,0.0,nan,0.424120772001451,,
1762850089.142009,CSI,nan,0.0,nan,0.4118617374291266,,
1762850089.145007,CSI,1225.647408895906,0.5406370838645655,nan,0.4172681082677723,,
1762850089.148006,CSI,nan,0.0,nan,0.4155534349742937,,
1762850089.150009,CSI,1071.0298782013506,0.16789113884963727,nan,0.4148988730558315,,
1762850089.152009,CSI,1488.9329515680183,1.1482053840699804,nan,0.41180277900576584,,
1762850089.154174,CSI,1102.2885284715612,0.34953860747261817,nan,0.415298165080492,,
1762850089.158199,CSI,1038.2774195753273,0.36828636159337014,nan,0.41898102869642573,,
1762850089.176626,CSI,1472.7429203357297,1.1152161253748079,nan,0.4301331899501738,,
1762850089.201519,CSI,1093.0988061470016,0.18537840313013468,nan,0.42019887205583895,,
1762850089.223239,CSI,nan,0.0,nan,0.42019887205583895,,
1762850089.235046,CSI,nan,0.0,nan,0.41638686946368375,,
1762850089.243129,CSI,1489.7132338083707,1.2776225111018402,nan,0.4254272219064847,,
1762850089.252929,CSI,1025.0078048483338,0.38895175560805934,nan,0.41505009354540684,,
1762850089.270756,CSI,1080.0115740120566,0.16117417871488035,nan,0.4166618353325556,,
1762850089.278801,CSI,nan,0.0,nan,0.4166618353325556,,
1762850089.298740,CSI,1441.4789321073595,1.418505387569984,nan,0.42925608538464216,,
1762850089.309801,CSI,1450.2980140676,1.1659876720298674,nan,0.4371725113387393,,
1762850089.327587,CSI,nan,0.0,nan,0.42090863102702797,,
1762850089.337639,CSI,nan,0.0,nan,0.42090863102702797,,
1762850089.343799,CSI,nan,0.0,nan,0.41870706506288863,,
1762850089.363400,CSI,1426.9167018905232,1.5853612547071319,nan,0.43259784313193045,,
1762850089.382428,CSI,nan,0.0,nan,0.4204071597899594,,
1762850089.395508,CSI,1036.5138686964106,0.19739255523265242,nan,0.40630384753371496,,
1762850089.397516,CSI,nan,0.0,nan,0.4028562205153811,,
1762850089.404688,CSI,nan,0.0,nan,0.4028562205153811,,
1762850089.406700,CSI,1426.842439006668,0.9935132765718285,nan,0.4127913532810994,,
1762850089.408715,CSI,nan,0.0,nan,0.4127913532810994,,
1762850089.410725,CSI,1312.1796836996937,0.5567039009868289,nan,0.41679305042276593,,
1762850089.412739,CSI,1418.2412541317453,1.7745029389548914,nan,0.43108518839971405,,
1762850089.414752,CSI,nan,0.0,nan,0.43108518839971416,,
1762850089.416766,CSI,nan,0.0,nan,0.4291028242176738,,
1762850089.420537,CSI,1422.224159259595,1.2400706916887707,nan,0.42865272995982684,,
1762850089.422550,CSI,nan,0.0,nan,0.4285111277112212,,
1762850089.424563,CSI,nan,0.0,nan,0.4285111277112212,,
1762850089.426576,CSI,1426.6899843303977,1.2209965198700676,nan,0.4382042403252079,,
1762850089.428588,CSI,nan,0.0,nan,0.42383817199547313,,
1762850089.430601,CSI,nan,0.0,nan,0.42383817199547313,,
1762850089.457861,CSI,nan,0.0,nan,0.42383817199547313,,
1762850089.468078,CSI,1425.410206427024,1.2677551368690985,nan,0.43651572336416417,,
1762850089.470091,CSI,1466.4466473166967,1.242955161550948,nan,0.433009388544393,,
1762850089.474117,CSI,nan,0.0,nan,0.41918321657683727,,
1762850089.480154,CSI,nan,0.0,nan,0.4171090288841348,,
1762850089.531587,CSI,1417.2693822404112,1.2460298120135713,nan,0.4277962428356277,,
1762850089.565466,CSI,1461.2029057054708,1.1140318685839963,nan,0.4389365615214677,,
1762850089.599317,CSI,1430.5436693605268,1.3563381983449556,nan,0.43916290124103674,,
1762850089.613219,CSI,1445.4809544538537,1.2382591534066154,nan,0.44959474270552874,,
1762850089.636830,CSI,1433.5708913442313,1.1857597908466553,nan,0.46145234061399526,,
1762850089.638841,CSI,nan,0.0,nan,0.45788359400835593,,
1762850089.647122,CSI,nan,0.0,nan,0.4578835940083559,,
1762850089.657546,CSI,nan,0.0,nan,0.4451487014237168,,
1762850089.667010,CSI,1409.6812243760285,1.0161463585802955,nan,0.4415746341249108,,
1762850089.712214,CSI,1416.0557085365522,1.5047800910039522,nan,0.4433697787617803,,
1762850089.759838,CSI,1408.7948593905917,1.2221987229021862,nan,0.4555917659908022,,
1762850089.785668,CSI,1420.1417140931512,0.9862742779869738,nan,0.4519799875117406,,
1762850089.787679,CSI,nan,0.0,nan,0.45162342577774905,,
1762850089.825350,CSI,nan,0.0,nan,0.4495207913872082,,
1762850089.845195,CSI,nan,0.0,nan,0.4473288926694983,,
1762850089.880598,CSI,nan,0.0,nan,0.4473288926694984,,
1762850089.882605,CSI,nan,0.0,nan,0.4473288926694984,,
1762850089.884616,CSI,1404.5219422055077,1.3530356658284846,nan,0.4589155053522525,,
1762850089.888240,CSI,nan,0.0,nan,0.45551338883305453,,
1762850089.890252,CSI,nan,0.0,nan,0.43978327667824957,,
1762850089.892264,CSI,1411.129577669843,1.3736688391913356,nan,0.4515644761016294,,
1762850089.894276,CSI,nan,0.0,nan,0.45156447610162936,,
1762850089.898298,CSI,nan,0.0,nan,0.4515644761016294,,
1762850089.900308,CSI,1374.038260530042,1.1459521607710486,nan,0.4492034867790442,,
1762850089.902318,CSI,1394.7374350619882,1.2470728616623268,nan,0.4616742153956674,,
1762850089.907151,CSI,nan,0.0,nan,0.4616742153956674,,
1762850089.909160,CSI,nan,0.0,nan,0.4596859110025904,,
1762850089.911582,CSI,nan,0.0,nan,0.4596859110025905,,
1762850089.913593,CSI,1417.46817273451,1.3358358204191096,nan,0.47304426920678155,,
1762850089.915602,CSI,nan,0.0,nan,0.4636749214580067,,
1762850089.950719,CSI,nan,0.0,nan,0.4600948506552006,,
1762850089.972891,CSI,1411.2287870408725,1.1107217517559513,nan,0.4712020681727602,,
1762850089.996572,CSI,1412.7288216523102,1.2164494484834254,nan,0.4833665626575944,,
1762850090.006529,CSI,nan,0.0,nan,0.4812216958810101,,
1762850090.032462,CSI,nan,0.0,nan,0.48122169588101005,,
1762850090.039778,CSI,nan,0.0,nan,0.4785050369681201,,
1762850090.072828,CSI,1391.3715752793428,1.2312015860429153,nan,0.49081705282854915,,
1762850090.076849,CSI,nan,0.0,nan,0.49081705282854915,,
1762850090.078859,CSI,nan,0.0,nan,0.47944726353014905,,
1762850090.080867,CSI,nan,0.0,nan,0.47944726353014905,,
1762850090.082879,CSI,1393.2586704950154,1.0148150696595137,nan,0.4895954142267442,,
1762850090.086319,CSI,nan,0.0,nan,0.4895954142267442,,
1762850090.088838,CSI,nan,0.0,nan,0.47073986779024757,,
1762850090.091173,CSI,nan,0.0,nan,0.4707398677902475,,
1762850090.094476,CSI,1397.8551305994065,1.1526511660217036,nan,0.4822663794504646,,
1762850090.098628,CSI,1393.9507675520629,1.0935344787639925,nan,0.4932017242381045,,
1762850090.101001,CSI,1437.4306154060923,1.5280902280782611,nan,0.4958107984004146,,
1762850090.103520,CSI,nan,0.0,nan,0.4958107984004146,,
1762850090.105534,CSI,1384.009084754787,1.2862574994358285,nan,0.5086733733947728,,
1762850090.107544,CSI,nan,0.0,nan,0.4947642708815815,,
1762850090.135095,CSI,nan,0.0,nan,0.49476427088158137,,
1762850090.163346,CSI,nan,0.0,nan,0.49099158576359353,,
1762850090.165359,CSI,1366.9196935876914,1.2836176387607825,nan,0.500020481577953,,
1762850090.190283,CSI,1382.6023068665418,1.427951128944672,nan,0.5142999928673996,,
1762850090.201072,CSI,nan,0.0,nan,0.5030757144477357,,
1762850090.212113,CSI,nan,0.0,nan,0.4803731966330051,,
1762850090.237852,CSI,nan,0.0,nan,0.48037319663300515,,
1762850090.241615,CSI,nan,0.0,nan,0.48037319663300515,,
1762850090.275380,CSI,1419.3709013271264,1.1345596790978416,nan,0.49171879342398356,,
1762850090.300052,CSI,1404.466490490939,1.2408217406154056,nan,0.4987206399914919,,
1762850090.310104,CSI,nan,0.0,nan,0.4987206399914919,,
1762850090.333594,CSI,nan,0.0,nan,0.49704172860299556,,
1762850090.361434,CSI,nan,0.0,nan,0.48555967476229567,,
1762850090.369307,CSI,1376.368596621474,1.2753945584552382,nan,0.49481823427212196,,
1762850090.371320,CSI,1386.4920464537588,1.106314207698847,nan,0.5021985127331767,,
1762850090.373332,CSI,nan,0.0,nan,0.49104635147942866,,
1762850090.375341,CSI,1403.1809478903804,1.215168445436252,nan,0.5013442519024899,,
1762850090.377351,CSI,nan,0.0,nan,0.5013442519024899,,
1762850090.379366,CSI,1465.2650698993366,1.5698995454971485,nan,0.5170432473574614,,
1762850090.383130,CSI,nan,0.0,nan,0.504267022246443,,
1762850090.385140,CSI,1409.8247710802152,1.491920189667485,nan,0.5152967065870372,,
1762850090.389160,CSI,1412.2796522736467,1.1899184294171483,nan,0.5255841490940599,,
1762850090.391170,CSI,nan,0.0,nan,0.5255841490940599,,
1762850090.393180,CSI,nan,0.0,nan,0.51139909521836,,
1762850090.395189,CSI,1461.5326723098833,1.2153587645099957,nan,0.5118928061431613,,
1762850090.397201,CSI,nan,0.0,nan,0.5118928061431613,,
1762850090.398955,CSI,nan,0.0,nan,0.5118928061431613,,
1762850090.400967,CSI,nan,0.0,nan,0.5118928061431613,,
1762850090.408832,CSI,1405.5075054258211,1.2119447300728479,nan,0.5081586408968186,,
1762850090.411310,CSI,1448.2561467687472,0.9617507731656326,nan,0.5177761486284749,,
1762850090.434798,CSI,nan,0.0,nan,0.5158022230761483,,
1762850090.441568,CSI,1406.564325657696,1.4836229941680978,nan,0.5306384530178294,,
1762850090.443583,CSI,1379.9916649291645,1.0993077165253538,nan,0.5416315301830829,,
1762850090.445597,CSI,nan,0.0,nan,0.5316963974173645,,
1762850090.474551,CSI,nan,0.0,nan,0.5316963974173645,,
1762850090.512883,CSI,1413.942257940388,1.0978379551693027,nan,0.5371077379591892,,
1762850090.546363,CSI,1443.8537033006298,1.2283119666617912,nan,0.5316458282362583,,
1762850090.573806,CSI,1384.9391323656341,1.104936371709202,nan,0.5426951919533503,,
1762850090.605717,CSI,1420.092789324619,1.4715070367424266,nan,0.5574102623207745,,
1762850090.610805,CSI,nan,0.0,nan,0.5450095554038868,,
1762850090.626871,CSI,nan,0.0,nan,0.5450095554038868,,
1762850090.635428,CSI,1403.9320878894268,1.2477452601978054,nan,0.5574870080058648,,
1762850090.641692,CSI,nan,0.0,nan,0.5452770428071642,,
1762850090.697639,CSI,nan,0.0,nan,0.5452770428071642,,
1762850090.729232,CSI,nan,0.0,nan,0.5452770428071642,,
1762850090.776175,CSI,1413.0468933889297,1.288366145726757,nan,0.5581607042644318,,
1762850090.786915,CSI,nan,0.0,nan,0.5454831528957408,,
1762850090.817890,CSI,nan,0.0,nan,0.5330536012802313,,
1762850090.841369,CSI,nan,0.0,nan,0.5330536012802313,,
1762850090.868957,CSI,nan,0.0,nan,0.5330536012802314,,
1762850090.872975,CSI,nan,0.0,nan,0.5205933031600957,,
1762850090.875105,CSI,nan,0.0,nan,0.5094529844742557,,
1762850090.877115,CSI,nan,0.0,nan,0.49588960249080605,,
1762850090.879937,CSI,1400.823088020066,1.3116040390212942,nan,0.49662305134695295,,
1762850090.881945,CSI,1433.861761908031,1.127888874629049,nan,0.49604434218477683,,
1762850090.881945,CSI,nan,0.0,nan,0.49604434218477683,,
1762850090.881945,CSI,nan,0.0,nan,0.49604434218477683,,
1762850090.890979,CSI,1387.6203016741633,1.1099079266994225,nan,0.5071434214517709,,
1762850090.892987,CSI,nan,0.0,nan,0.49698195786596805,,
1762850090.899134,CSI,1411.1542046237573,1.3811947038897157,nan,0.4957461039948257,,
1762850090.901164,CSI,nan,0.0,nan,0.48352411676580387,,
1762850090.902903,CSI,nan,0.0,nan,0.4736613739859341,,
1762850090.904919,CSI,nan,0.0,nan,0.4736613739859341,,
1762850090.908111,CSI,1463.187942314391,1.489877042908023,nan,0.4885601444150143,,
1762850090.911194,CSI,nan,0.0,nan,0.4885601444150143,,
1762850090.920568,CSI,nan,0.0,nan,0.4885601444150143,,
1762850090.940346,CSI,nan,0.0,nan,0.4885601444150143,,
1762850090.981505,CSI,nan,0.0,nan,0.4750297877567295,,
1762850090.997202,CSI,nan,0.0,nan,0.47502978775672944,,
1762850091.005480,CSI,1433.9693042684896,1.1343448347918623,nan,0.4863732361046481,,
1762850091.013032,CSI,1431.4167695748322,1.334777034907263,nan,0.48598431806180736,,
1762850091.032958,CSI,nan,0.0,nan,0.48598431806180736,,
1762850091.032958,CSI,nan,0.0,nan,0.48598431806180736,,
1762850091.078365,CSI,1368.695520306967,1.2568351872565169,nan,0.4870931483266622,,
1762850091.082390,CSI,nan,0.0,nan,0.4746224197100388,,
1762850091.084404,CSI,nan,0.0,nan,0.4746224197100388,,
1762850091.084404,CSI,nan,0.0,nan,0.4746224197100388,,
1762850091.084404,CSI,1397.3406053415254,1.532838093965725,nan,0.489950800649696,,
1762850091.089302,CSI,1398.7755134785566,1.4411939837864178,nan,0.4910043822833691,,
1762850091.094075,CSI,1388.6890458500618,1.3416389511419078,nan,0.5044207717947882,,
1762850091.096087,CSI,nan,0.0,nan,0.5044207717947882,,
1762850091.098134,CSI,1454.502117180125,1.2868503823463757,nan,0.5061820581006925,,
1762850091.100147,CSI,1376.6931831153868,1.0813514589737354,nan,0.5048310782055956,,
1762850091.102158,CSI,nan,0.0,nan,0.5048310782055955,,
1762850091.106178,CSI,nan,0.0,nan,0.5048310782055956,,
1762850091.107932,CSI,nan,0.0,nan,0.5048310782055956,,
1762850091.111954,CSI,1402.5168486586558,1.600673115162039,nan,0.5085257934967867,,
1762850091.139522,CSI,nan,0.0,nan,0.5085257934967867,,
1762850091.171365,CSI,nan,0.0,nan,0.5085257934967867,,
1762850091.177936,CSI,nan,0.0,nan,0.5085257934967867,,
1762850091.190295,CSI,1388.3469021212215,1.697014880128874,nan,0.5153477916014804,,
1762850091.213313,CSI,1442.8081598906663,1.7722381638282125,nan,0.5330701732397626,,
1762850091.226070,CSI,nan,0.0,nan,0.5330701732397626,,
1762850091.237541,CSI,1417.1085247073681,1.8306233332888235,nan,0.5513764065726509,,
1762850091.242154,CSI,1359.4913162810642,1.5337255711940845,nan,0.5551871506243746,,
1762850091.248857,CSI,nan,0.0,nan,0.5442518058367347,,
1762850091.288962,CSI,nan,0.0,nan,0.528970903555952,,
1762850091.302294,CSI,nan,0.0,nan,0.528970903555952,,
1762850091.306316,CSI,1371.5729822394458,1.5270466432446843,nan,0.5313787949940406,,
1762850091.312179,CSI,nan,0.0,nan,0.5313787949940406,,
1762850091.335994,CSI,nan,0.0,nan,0.5313787949940406,,
1762850091.359251,CSI,1412.4481162504087,1.2961453289227403,nan,0.544340248283268,,
1762850091.365257,CSI,1359.8191153101784,1.5057879231700122,nan,0.5465619511273603,,
1762850091.368549,CSI,nan,0.0,nan,0.5322824398379136,,
1762850091.373815,CSI,nan,0.0,nan,0.5322824398379136,,
1762850091.375326,CSI,1377.3494000068042,1.1933916340636532,nan,0.5442163561785501,,
1762850091.379345,CSI,nan,0.0,nan,0.5442163561785501,,
1762850091.381359,CSI,nan,0.0,nan,0.5442163561785501,,
1762850091.383372,CSI,1408.9586164077202,1.7233929527093346,nan,0.550104688914665,,
1762850091.385386,CSI,1361.8618730142512,1.5219467168396543,nan,0.5529159386769075,,
1762850091.387295,CSI,nan,0.0,nan,0.5529159386769076,,
1762850091.387295,CSI,nan,0.0,nan,0.5529159386769075,,
1762850091.393215,CSI,nan,0.0,nan,0.5529159386769076,,
1762850091.393215,CSI,1340.478118412254,1.347169009606392,nan,0.553633683188419,,
1762850091.393215,CSI,nan,0.0,nan,0.5425705411114304,,
1762850091.402762,CSI,nan,0.0,nan,0.5425705411114305,,
1762850091.421074,CSI,1176.136741346615,0.47818555859788725,nan,0.5352007122430469,,
1762850091.422843,CSI,1313.3935590539093,1.6501951317447137,nan,0.551702663560494,,
1762850091.422843,CSI,nan,0.0,nan,0.5360036681055225,,
1762850091.428267,CSI,1361.704234925142,1.3718459283921558,nan,0.5497221273894441,,
1762850091.430384,CSI,nan,0.0,nan,0.5348029254927692,,
1762850091.430384,CSI,nan,0.0,nan,0.5229037411985977,,
1762850091.430384,CSI,1362.6006439868304,1.228925114847576,nan,0.5351929923470736,,
1762850091.430384,CSI,1337.1666664915783,1.3679838486659688,nan,0.5488728308337333,,
1762850091.440869,CSI,nan,0.0,nan,0.5367192431886334,,
1762850091.440869,CSI,nan,0.0,nan,0.5367192431886333,,
1762850091.448028,CSI,nan,0.0,nan,0.5367192431886333,,
1762850091.448028,CSI,nan,0.0,nan,0.5367192431886333,,
1762850091.448028,CSI,nan,0.0,nan,0.5245997958879048,,
1762850091.454541,CSI,1357.1478958740813,1.385874454134469,nan,0.5288410326975932,,
1762850091.458565,CSI,nan,0.0,nan,0.5288410326975932,,
1762850091.460578,CSI,1412.6160461496515,1.8019157292033678,nan,0.5320239600479458,,
1762850091.460578,CSI,nan,0.0,nan,0.5210308828826923,,
1762850091.464231,CSI,1360.954704373211,1.3523697140376896,nan,0.5345545800230692,,
1762850091.466244,CSI,1396.0869113998135,1.313676385131959,nan,0.5476913438743888,,
1762850091.468256,CSI,nan,0.0,nan,0.5367129643226958,,
1762850091.472282,CSI,nan,0.0,nan,0.5244298446560779,,
1762850091.474298,CSI,nan,0.0,nan,0.5133804809389858,,
1762850091.474298,CSI,1354.4308539169788,1.673160005492639,nan,0.515397010626488,,
1762850091.474298,CSI,nan,0.0,nan,0.515397010626488,,
1762850091.474298,CSI,nan,0.0,nan,0.5153970106264879,,
1762850091.484972,CSI,nan,0.0,nan,0.5029195580245099,,
1762850091.485986,CSI,nan,0.0,nan,0.50291955802451,,
1762850091.485986,CSI,1367.0577148486018,1.3364343667004621,nan,0.5162839016915146,,
1762850091.485986,CSI,nan,0.0,nan,0.5162839016915145,,
1762850091.485986,CSI,nan,0.0,nan,0.503400240234247,,
1762850091.494860,CSI,nan,0.0,nan,0.503400240234247,,
1762850091.498074,CSI,nan,0.0,nan,0.503400240234247,,
1762850091.500084,CSI,nan,0.0,nan,0.503400240234247,,
1762850091.503854,CSI,nan,0.0,nan,0.503400240234247,,
1762850091.503854,CSI,1373.5381086051539,1.5896800089114522,nan,0.5192970403233615,,
1762850091.503854,CSI,1386.0709613188578,1.105307335139304,nan,0.5303501136747546,,
1762850091.503854,CSI,1378.8335768251795,1.5550179434616003,nan,0.5459002931093705,,
1762850091.503854,CSI,1425.530696599149,1.5044930239792482,nan,0.5478291829589501,,
1762850091.503854,CSI,1410.1780695605491,1.734124304688498,nan,0.5538915372595445,,
1762850091.514971,CSI,nan,0.0,nan,0.5538915372595447,,
1762850091.517477,CSI,nan,0.0,nan,0.5538915372595447,,
1762850091.519486,CSI,nan,0.0,nan,0.5427924579925505,,
1762850091.522012,CSI,nan,0.0,nan,0.5427924579925504,,
1762850091.524024,CSI,1420.437454500439,1.240961347490428,nan,0.5413901244285575,,
1762850091.526034,CSI,nan,0.0,nan,0.5413901244285575,,
1762850091.528047,CSI,nan,0.0,nan,0.5413901244285575,,
1762850091.531323,CSI,nan,0.0,nan,0.5413901244285575,,
1762850091.533339,CSI,1393.3234482526607,1.2490679099196054,nan,0.5389820330986733,,
1762850091.535350,CSI,nan,0.0,nan,0.5389820330986733,,
1762850091.538732,CSI,nan,0.0,nan,0.5389820330986733,,
1762850091.541031,CSI,nan,0.0,nan,0.5389820330986733,,
1762850091.541031,CSI,nan,0.0,nan,0.5389820330986733,,
1762850091.544914,CSI,nan,0.0,nan,0.5389820330986733,,
1762850091.544914,CSI,nan,0.0,nan,0.5276385847507548,,
1762850091.550278,CSI,1462.432891042891,1.170696923789961,nan,0.5259977836395816,,
1762850091.550278,CSI,nan,0.0,nan,0.5259977836395816,,
1762850091.555954,CSI,1422.9663155516275,1.2726513417441423,nan,0.5387242970570231,,
1762850091.557966,CSI,nan,0.0,nan,0.526155945184458,,
1762850091.559976,CSI,nan,0.0,nan,0.526155945184458,,
1762850091.563998,CSI,nan,0.0,nan,0.526155945184458,,
1762850091.582596,CSI,nan,0.0,nan,0.5261559451844579,,
1762850091.590577,CSI,1468.9383185187962,1.2359918032714248,nan,0.5231874822775149,,
1762850091.593574,CSI,1480.3436982172,1.3344478607392867,nan,0.5221200210470437,,
1762850091.595578,CSI,nan,0.0,nan,0.5087036315356246,,
1762850091.630775,CSI,1418.4990040364025,1.861035153589525,nan,0.5273139830715199,,
1762850091.669690,CSI,1403.490475852321,1.2992717603933341,nan,0.5274381968519893,,
1762850091.703623,CSI,nan,0.0,nan,0.516624682262252,,
1762850091.716578,CSI,nan,0.0,nan,0.5166246822622521,,
1762850091.733155,CSI,nan,0.0,nan,0.5166246822622521,,
1762850091.746979,CSI,1435.6714280415918,1.5643904245010969,nan,0.5322685865072629,,
1762850091.746979,CSI,nan,0.0,nan,0.5162618553556426,,
1762850091.764654,CSI,nan,0.0,nan,0.5162618553556427,,
1762850091.830351,CSI,1400.0332974582236,1.4633491883608083,nan,0.5308953472392507,,
1762850091.844165,CSI,1409.5802013277769,1.9669907587804702,nan,0.5505652548270554,,
1762850091.846176,CSI,1441.0685837040894,1.3614357647965587,nan,0.5472094636737322,,
1762850091.848187,CSI,nan,0.0,nan,0.5294870820354501,,
1762850091.854058,CSI,1421.0716086292186,1.7764342994366542,nan,0.5472514250298166,,
1762850091.891959,CSI,1435.8008226491777,1.3780000786031437,nan,0.5427251924829598,,
1762850091.905087,CSI,1386.8870617703956,1.5659049483559009,nan,0.5430469862545779,,
1762850091.918863,CSI,nan,0.0,nan,0.5430469862545779,,
1762850091.929806,CSI,1426.679932565789,1.8740656858023648,nan,0.5617876431126017,,
1762850091.968857,CSI,1361.6148233181116,1.1764308999113064,nan,0.5735519521117147,,
1762850091.970869,CSI,nan,0.0,nan,0.5582814856792679,,
1762850091.972880,CSI,nan,0.0,nan,0.5582814856792679,,
1762850091.974893,CSI,nan,0.0,nan,0.5582814856792679,,
1762850091.976906,CSI,1416.2359219765985,1.5984847797390342,nan,0.5613048801874307,,
1762850091.980932,CSI,nan,0.0,nan,0.5462470009557306,,
1762850091.982942,CSI,nan,0.0,nan,0.5462470009557306,,
1762850091.984956,CSI,nan,0.0,nan,0.5462470009557306,,
1762850091.986967,CSI,nan,0.0,nan,0.5343130846150942,,
1762850091.988978,CSI,1410.5401556656568,1.3204530828596825,nan,0.547517615443691,,
1762850091.992999,CSI,1415.647222759514,1.4023158442790606,nan,0.5615407738864816,,
1762850091.995010,CSI,nan,0.0,nan,0.5443068443593883,,
1762850091.998919,CSI,nan,0.0,nan,0.5290873771909917,,
1762850092.000929,CSI,nan,0.0,nan,0.5290873771909916,,
1762850092.026796,CSI,1391.7873186035154,1.466879147588106,nan,0.5437561686668727,,
1762850092.052413,CSI,nan,0.0,nan,0.5437561686668727,,
1762850092.071479,CSI,nan,0.0,nan,0.5302844785708088,,
1762850092.086646,CSI,nan,0.0,nan,0.5302844785708088,,
1762850092.122757,CSI,nan,0.0,nan,0.5302844785708087,,
1762850092.130815,CSI,nan,0.0,nan,0.5255026229848299,,
1762850092.176191,CSI,nan,0.0,nan,0.5090006716673828,,
1762850092.178864,CSI,1381.7037749199078,1.2522649047398018,nan,0.5215233207147808,,
1762850092.180433,CSI,nan,0.0,nan,0.5078048614308593,,
1762850092.193332,CSI,1391.7514755255595,1.2503264151756193,nan,0.5203081255826155,,
1762850092.199369,CSI,nan,0.0,nan,0.5203081255826155,,
1762850092.201377,CSI,1402.6229398100336,2.2063204641628573,nan,0.5300820790757683,,
1762850092.204534,CSI,nan,0.0,nan,0.5164022405891087,,
1762850092.206543,CSI,nan,0.0,nan,0.5164022405891086,,
1762850092.208545,CSI,1400.4008884809157,1.3310167612668167,nan,0.5297124082017768,,
1762850092.210544,CSI,nan,0.0,nan,0.5297124082017768,,
1762850092.213928,CSI,nan,0.0,nan,0.5297124082017768,,
1762850092.216941,CSI,nan,0.0,nan,0.5297124082017768,,
1762850092.219941,CSI,1473.301268526907,1.2718733266665418,nan,0.5285723969270976,,
1762850092.222941,CSI,1401.439723726824,1.8014242916297358,nan,0.546586639843395,,
1762850092.237290,CSI,1392.237162593643,1.7764797617979897,nan,0.5463322801693411,,
1762850092.254348,CSI,1422.3689800794377,1.4932062185448052,nan,0.5612643423547892,,
1762850092.278211,CSI,1367.7045722090804,1.3709030123532442,nan,0.5614496753379448,,
1762850092.297521,CSI,nan,0.0,nan,0.5483129114866252,,
1762850092.305560,CSI,nan,0.0,nan,0.5483129114866252,,
1762850092.315350,CSI,1392.69535262361,1.2920797133238904,nan,0.561233708619864,,
1762850092.343243,CSI,1375.0073430322964,1.2502028335395914,nan,0.5737357369552599,,
1762850092.349281,CSI,nan,0.0,nan,0.5570041369003336,,
1762850092.723110,CSI,nan,0.0,nan,0.5570041369003335,,
1762850092.791640,CSI,nan,0.0,nan,0.5570041369003336,,
1762850092.793653,CSI,1382.9947738974222,1.1895959163642906,nan,0.5689000960639764,,
1762850092.795664,CSI,1419.1992064237677,1.2552610963261537,nan,0.581452707027238,,
1762850092.798186,CSI,nan,0.0,nan,0.5680883633602334,,
1762850092.802249,CSI,1387.5793347756346,1.374395033807043,nan,0.5818323136983037,,
1762850092.804260,CSI,1387.6096291578374,1.703847046645506,nan,0.5988707841647588,,
1762850092.805274,CSI,1380.9183070520917,1.3287912427581172,nan,0.6121586965923399,,
1762850092.872885,CSI,1407.7412615696906,1.3448252907632936,nan,0.6256069494999729,,
1762850092.874895,CSI,nan,0.0,nan,0.6256069494999729,,
1762850092.876904,CSI,nan,0.0,nan,0.625606949499973,,
1762850092.878911,CSI,nan,0.0,nan,0.6097101494108584,,
1762850092.880919,CSI,1402.721433586408,1.2564926332447013,nan,0.6112220023919124,,
1762850092.882925,CSI,1451.8681317433536,1.482545907768434,nan,0.6104972820349808,,
1762850092.886687,CSI,1454.233936417051,1.5364403373242994,nan,0.6108167551684313,,
1762850092.888699,CSI,nan,0.0,nan,0.5934755121215464,,
1762850092.890711,CSI,nan,0.0,nan,0.5934755121215463,,
1762850092.892724,CSI,nan,0.0,nan,0.5934755121215464,,
1762850092.894734,CSI,1446.408560355708,1.3522408231784104,nan,0.6069979203533304,,
1762850092.896745,CSI,nan,0.0,nan,0.6069979203533304,,
1762850092.900510,CSI,1480.5976699006253,1.906729282275502,nan,0.6136555997011811,,
1762850092.902520,CSI,1373.1261145433225,1.5423429744163801,nan,0.6290790294453449,,
1762850092.951989,CSI,nan,0.0,nan,0.6290790294453449,,
1762850093.097791,CSI,1447.0805735557374,1.1475353006913023,nan,0.6405543824522578,,
1762850093.111393,CSI,1467.358501981477,1.2728267066349659,nan,0.6407919704194114,,
1762850093.113668,CSI,1409.30887888761,1.325457764292347,nan,0.6540465480623351,,
1762850093.116667,CSI,1419.1246765365659,1.8927218150147789,nan,0.672973766212483,,
1762850093.121462,CSI,nan,0.0,nan,0.6729737662124827,,
1762850093.125421,CSI,1425.664303086434,1.3434657926993996,nan,0.686408424139477,,
1762850093.127642,CSI,nan,0.0,nan,0.686408424139477,,
1762850093.132524,CSI,1222.8278017309456,0.6642626395333621,nan,0.6930510505348104,,
1762850093.167495,CSI,1223.0029030097187,2.1523678807495368,nan,0.7028677601044062,,
1762850093.174278,CSI,1397.107168026862,1.909920617572443,nan,0.7219669662801307,,
1762850093.177281,CSI,nan,0.0,nan,0.7092404528626891,,
1762850093.251658,CSI,nan,0.0,nan,0.7092404528626892,,
1762850093.280587,CSI,1421.7442837747458,1.761453534891511,nan,0.7268549882116043,,
1762850093.288530,CSI,nan,0.0,nan,0.7268549882116043,,
1762850093.290543,CSI,nan,0.0,nan,0.7268549882116043,,
1762850093.292552,CSI,nan,0.0,nan,0.7144950701788901,,
1762850093.296616,CSI,1442.8749895238225,1.4065057203132263,nan,0.7152156487746294,,
1762850093.298627,CSI,nan,0.0,nan,0.7152156487746294,,
1762850093.300379,CSI,1369.583196611573,1.3329487341349868,nan,0.7099347845800841,,
1762850093.302390,CSI,nan,0.0,nan,0.6969420669761507,,
1762850093.356735,CSI,nan,0.0,nan,0.6969420669761507,,
1762850093.381450,CSI,nan,0.0,nan,0.6969420669761507,,
1762850093.405320,CSI,1381.65930241701,1.2800872487346342,nan,0.7097429394634971,,
1762850093.421142,CSI,1405.8505624014094,1.5231247175241838,nan,0.7093302823937279,,
1762850093.423153,CSI,nan,0.0,nan,0.7093302823937279,,
1762850093.429185,CSI,1419.738267323826,1.1572641567192385,nan,0.7209029239609203,,
1762850093.450780,CSI,nan,0.0,nan,0.7062694320773122,,
1762850093.462847,CSI,1373.7562387203895,1.206562235786342,nan,0.6986651468473708,,
1762850093.464605,CSI,nan,0.0,nan,0.6850507891994053,,
1762850093.466618,CSI,nan,0.0,nan,0.6850507891994053,,
1762850093.470642,CSI,nan,0.0,nan,0.6672864462050389,,
1762850093.472654,CSI,1426.8047091537476,1.3893190019735555,nan,0.6673996354387431,,
1762850093.474666,CSI,1459.004487213631,1.342117501334837,nan,0.6651617609685323,,
1762850093.476680,CSI,nan,0.0,nan,0.6651617609685324,,
1762850093.494530,CSI,1376.107363917912,1.3109367683789201,nan,0.6595304717942979,,
1762850093.524171,CSI,1386.7762489646977,1.828115972579334,nan,0.6660473225209783,,
1762850093.546663,CSI,nan,0.0,nan,0.6660473225209782,,
1762850093.548674,CSI,nan,0.0,nan,0.6660473225209782,,
1762850093.550687,CSI,1396.7405465317804,1.4842150458341863,nan,0.6808894729793201,,
1762850093.554711,CSI,nan,0.0,nan,0.6649046251819297,,
1762850093.556764,CSI,nan,0.0,nan,0.6649046251819297,,
1762850093.558777,CSI,1415.9661343945959,1.83046361018035,nan,0.6832092612837332,,
1762850093.561803,CSI,1420.607263226275,1.4616023600981842,nan,0.697825284884715,,
1762850093.595493,CSI,nan,0.0,nan,0.697825284884715,,
1762850093.597505,CSI,nan,0.0,nan,0.6846207540561181,,
1762850093.599517,CSI,nan,0.0,nan,0.6705975956133275,,
1762850093.603540,CSI,nan,0.0,nan,0.6705975956133275,,
1762850093.605552,CSI,nan,0.0,nan,0.6705975956133275,,
1762850093.607064,CSI,nan,0.0,nan,0.6705975956133275,,
1762850093.626917,CSI,1411.1112663734834,1.488723170993023,nan,0.6708160358473768,,
1762850093.646772,CSI,1450.0913064833496,1.798686448780439,nan,0.6888029003351812,,
1762850093.656566,CSI,nan,0.0,nan,0.6888029003351812,,
1762850093.688218,CSI,nan,0.0,nan,0.6888029003351812,,
1762850093.708583,CSI,1437.8652614348723,1.3823449297760302,nan,0.7026263496329415,,
1762850093.726258,CSI,nan,0.0,nan,0.7026263496329415,,
1762850093.736050,CSI,1428.0449453024376,1.173000101858716,nan,0.7143563506515287,,
1762850093.747896,CSI,nan,0.0,nan,0.7018337016041306,,
1762850093.787237,CSI,nan,0.0,nan,0.7018337016041306,,
1762850093.791257,CSI,nan,0.0,nan,0.6893304374523744,,
1762850093.793267,CSI,1367.0802224112215,1.398920663249037,nan,0.7033196440848648,,
1762850093.795279,CSI,nan,0.0,nan,0.6812564394432363,,
1762850093.799302,CSI,nan,0.0,nan,0.6812564394432363,,
1762850093.801312,CSI,1415.0039446216194,1.3220226699250268,nan,0.6944766661424866,,
1762850093.805335,CSI,1426.4407677851846,1.5001120449725924,nan,0.6961676189795444,,
1762850093.807345,CSI,nan,0.0,nan,0.6961676189795444,,
1762850093.809354,CSI,nan,0.0,nan,0.6961676189795444,,
1762850093.815128,CSI,nan,0.0,nan,0.6961676189795442,,
1762850093.817141,CSI,1407.809246304001,1.3805365714980626,nan,0.6972542514278594,,
1762850093.819153,CSI,nan,0.0,nan,0.6792400085115621,,
1762850093.821164,CSI,nan,0.0,nan,0.6614752108935822,,
1762850093.825186,CSI,1439.872697183735,1.4272944287578828,nan,0.660816092995713,,
1762850093.827195,CSI,1447.2443819875164,1.5377221067192752,nan,0.6624842839393732,,
1762850093.830959,CSI,nan,0.0,nan,0.6624842839393732,,
1762850093.832969,CSI,nan,0.0,nan,0.6624842839393733,,
1762850093.834982,CSI,1394.9384390953255,1.4406372890152135,nan,0.6639698596962864,,
1762850093.866633,CSI,1391.2981672671137,1.7565129073018797,nan,0.6690329604339094,,
1762850093.882458,CSI,1388.5460306618245,1.5474435595668186,nan,0.6845073960295776,,
1762850093.918234,CSI,nan,0.0,nan,0.6845073960295776,,
1762850093.924059,CSI,nan,0.0,nan,0.6845073960295776,,
1762850093.934426,CSI,1413.5941122460174,1.1942081768809956,nan,0.6845535186347445,,
1762850093.961852,CSI,nan,0.0,nan,0.672000907671483,,
1762850093.967881,CSI,nan,0.0,nan,0.672000907671483,,
1762850094.003462,CSI,nan,0.0,nan,0.6582569573334125,,
1762850094.005472,CSI,nan,0.0,nan,0.6412184868669576,,
1762850094.007481,CSI,1422.6504793487682,1.4205148194668409,nan,0.6421357226340447,,
1762850094.011499,CSI,1387.1658174416718,1.4672441890148662,nan,0.6433599116165604,,
1762850094.013510,CSI,1415.3447611138406,1.43264900854729,nan,0.6576864017020333,,
1762850094.015519,CSI,1465.7111660946293,1.297856399626411,nan,0.6706649656982974,,
1762850094.017529,CSI,1452.5708776847266,1.3732746233500766,nan,0.6843977119317981,,
1762850094.021291,CSI,nan,0.0,nan,0.6718327855993512,,
1762850094.023299,CSI,1431.5040014192896,1.293644741929146,nan,0.6699437739409582,,
1762850094.027318,CSI,1456.8398141341588,1.7578015067947874,nan,0.6721573856356632,,
1762850094.029326,CSI,1205.4557419844195,1.2182516876370921,nan,0.6843399025120341,,
1762850094.031336,CSI,nan,0.0,nan,0.6843399025120341,,
1762850094.035100,CSI,1545.5305019521059,1.3837304286099434,nan,0.6981772067981338,,
1762850094.037114,CSI,nan,0.0,nan,0.6846547985663495,,
1762850094.066813,CSI,nan,0.0,nan,0.6846547985663495,,
1762850094.084464,CSI,1398.3504457427907,1.0631061909793356,nan,0.676218567653388,,
1762850094.116083,CSI,1456.344561848324,1.8058826791164566,nan,0.6788539647003887,,
1762850094.122112,CSI,nan,0.0,nan,0.6788539647003887,,
1762850094.133988,CSI,1430.2729636503589,1.323404885607438,nan,0.6806126605495502,,
1762850094.139109,CSI,1410.4436603019917,1.6354429277342624,nan,0.6842388227605428,,
1762850094.161800,CSI,nan,0.0,nan,0.6709842451176194,,
1762850094.163810,CSI,1397.0552552002575,1.3373862509128238,nan,0.6654308894766,,
1762850094.188367,CSI,1474.3917884918808,1.8126370811770014,nan,0.6835572602883699,,
1762850094.219349,CSI,nan,0.0,nan,0.6701226023613759,,
1762850094.227535,CSI,1430.0556492887283,1.2833025377973974,nan,0.6829556277393499,,
1762850094.238225,CSI,nan,0.0,nan,0.6763130013440163,,
1762850094.256607,CSI,nan,0.0,nan,0.6547893225365209,,
1762850094.274256,CSI,1433.130085447748,1.1907606482852922,nan,0.6475977228436495,,
1762850094.285180,CSI,1492.3202814883352,1.937753983946222,nan,0.6669752626831117,,
1762850094.294139,CSI,nan,0.0,nan,0.6669752626831117,,
1762850094.298305,CSI,nan,0.0,nan,0.6493607273341965,,
1762850094.300317,CSI,1387.268232234242,1.4617866705625968,nan,0.6639785940398225,,
1762850094.302327,CSI,1400.4317963716476,1.440018044336999,nan,0.6783787744831925,,
1762850094.306093,CSI,1401.6047265934765,1.3459630306740364,nan,0.6918384047899329,,
1762850094.308103,CSI,nan,0.0,nan,0.6777733475868007,,
1762850094.310113,CSI,1416.6048221815554,1.7793164830257913,nan,0.6955665124170585,,
1762850094.312123,CSI,1450.217128031909,1.3822672169753631,nan,0.6960596972454625,,
1762850094.314133,CSI,1446.971167015155,1.2135839614830894,nan,0.7081955368602932,,
1762850094.318154,CSI,1388.4542842586122,1.250385043274036,nan,0.7206993872930337,,
1762850094.319906,CSI,1404.7680339285969,1.3726605056500867,nan,0.7344259923495344,,
1762850094.344402,CSI,1416.4486793694084,1.397869104543208,nan,0.7356038109076202,,
1762850094.348421,CSI,1417.0597857518505,1.7009888016099748,nan,0.737382451748478,,
1762850094.352572,CSI,1346.9229497507783,1.3204561101732422,nan,0.7505870128502106,,
1762850094.354584,CSI,1336.4812019513772,1.2965463661502203,nan,0.7519798349445204,,
1762850094.417722,CSI,nan,0.0,nan,0.7519798349445204,,
1762850094.427653,CSI,1432.164293764922,1.425852244437252,nan,0.7541727350310293,,
1762850094.433777,CSI,1418.2834210734902,1.42385902707424,nan,0.7684113253017719,,
1762850094.473242,CSI,1413.6311090375507,2.4389129195862216,nan,0.792800454497634,,
1762850094.491887,CSI,nan,0.0,nan,0.792800454497634,,
1762850094.500293,CSI,nan,0.0,nan,0.7789072644778985,,
1762850094.515381,CSI,1386.425731975296,1.3232129204233027,nan,0.7787182186687831,,
1762850094.519707,CSI,1388.9639753274141,1.2966434387844663,nan,0.7916846530566278,,
1762850094.538853,CSI,1423.5102581014407,1.210839345280548,nan,0.790683678825644,,
1762850094.583243,CSI,nan,0.0,nan,0.7724025190998508,,
1762850094.594760,CSI,nan,0.0,nan,0.7724025190998508,,
1762850094.606973,CSI,1453.896563968013,1.4460748939790191,nan,0.7868632680396409,,
1762850094.633368,CSI,nan,0.0,nan,0.772021117581299,,
1762850094.649230,CSI,nan,0.0,nan,0.772021117581299,,
1762850094.661725,CSI,1418.6084197906118,1.3286365217033003,nan,0.7853074827983321,,
1762850094.695353,CSI,nan,0.0,nan,0.7670028466965284,,
1762850094.696862,CSI,nan,0.0,nan,0.7523868230955467,,
1762850094.696862,CSI,nan,0.0,nan,0.7523868230955467,,
1762850094.696862,CSI,nan,0.0,nan,0.7523868230955467,,
1762850094.702392,CSI,1038.6770431659688,0.18392158404438047,nan,0.7542260389359905,,
1762850094.702392,CSI,1441.6428619026688,2.000016796440515,nan,0.7742262069003958,,
1762850094.702392,CSI,1462.050785454968,1.850769846193003,nan,0.7927339053623257,,
1762850094.708429,CSI,nan,0.0,nan,0.7927339053623258,,
1762850094.708429,CSI,1377.2141893353278,1.2557287746754946,nan,0.7904039613991505,,
1762850094.710437,CSI,1430.1175016703528,1.9484238237800724,nan,0.7919013351491467,,
1762850094.712444,CSI,nan,0.0,nan,0.7919013351491467,,
1762850094.712444,CSI,nan,0.0,nan,0.7919013351491467,,
1762850094.712444,CSI,1390.7808503027977,1.522660449399789,nan,0.7933044903453843,,
1762850094.712444,CSI,nan,0.0,nan,0.7933044903453843,,
1762850094.712444,CSI,nan,0.0,nan,0.7815744893267973,,
1762850094.712444,CSI,nan,0.0,nan,0.7815744893267973,,
1762850094.725214,CSI,1416.9321609473343,1.318377600063224,nan,0.7947582653274294,,
1762850094.744397,CSI,nan,0.0,nan,0.7947582653274294,,
1762850094.776048,CSI,1412.60952713538,1.290697301597643,nan,0.7936760317109156,,
1762850094.786878,CSI,1423.2205522813633,1.5450750329276908,nan,0.8091267820401924,,
1762850094.792973,CSI,nan,0.0,nan,0.8091267820401923,,
1762850094.811560,CSI,1165.7134683016538,1.3969600533578903,nan,0.8098761558745209,,
1762850094.814830,CSI,1420.6312884443648,1.1897869680938986,nan,0.806772905105734,,
1762850094.839361,CSI,nan,0.0,nan,0.806772905105734,,
1762850094.839361,CSI,1475.8598734073682,1.7039691716952505,nan,0.8238125968226865,,
1762850094.846611,CSI,nan,0.0,nan,0.8238125968226866,,
1762850094.848618,CSI,1421.3722481375933,1.5085610418960114,nan,0.8250928415266663,,
1762850094.850627,CSI,nan,0.0,nan,0.8250928415266661,,
1762850094.850627,CSI,nan,0.0,nan,0.8250928415266661,,
1762850094.854102,CSI,nan,0.0,nan,0.8108198972390873,,
1762850094.855107,CSI,1400.5871903512766,2.361985082555294,nan,0.8190625269974475,,
1762850094.855107,CSI,nan,0.0,nan,0.8190625269974474,,
1762850094.859695,CSI,nan,0.0,nan,0.8190625269974474,,
1762850094.859695,CSI,nan,0.0,nan,0.8046561541072953,,
1762850094.859695,CSI,1442.2088273366996,1.6602700904588603,nan,0.8036937259388652,,
1762850094.859695,CSI,nan,0.0,nan,0.7882192903431969,,
1762850094.859695,CSI,1396.4524317262585,1.6538245946826198,nan,0.8047575362900231,,
1762850094.859695,CSI,1392.243329181396,1.2368625338417445,nan,0.8171261616284405,,
1762850094.886727,CSI,1431.8818882551884,1.330437139534223,nan,0.8184884512549729,,
1762850094.918581,CSI,1440.342682102691,1.3742200218318605,nan,0.8322306514732916,,
1762850094.927595,CSI,1429.2399525832652,1.5713400755034053,nan,0.8479440522283255,,
1762850094.937235,CSI,nan,0.0,nan,0.8479440522283254,,
1762850094.957092,CSI,nan,0.0,nan,0.8479440522283255,,
1762850094.957092,CSI,1391.7383050647898,1.6218536592582997,nan,0.8499574406262401,,
1762850094.998872,CSI,1365.1120860740361,1.7309107201382508,nan,0.8525941059374741,,
1762850095.008925,CSI,1407.2142221452793,1.546814657240265,nan,0.8537357624244037,,
1762850095.018360,CSI,nan,0.0,nan,0.8407571984281397,,
1762850095.033113,CSI,nan,0.0,nan,0.8270244521946388,,
1762850095.051456,CSI,nan,0.0,nan,0.8270244521946388,,
1762850095.055654,CSI,1440.6074051453509,1.3031784720210098,nan,0.8271197894955574,,
1762850095.060042,CSI,1377.94142434904,1.3641946887145184,nan,0.8231837213147548,,
1762850095.062287,CSI,1446.9307181069846,1.4010929286518465,nan,0.8250121337249025,,
1762850095.062287,CSI,nan,0.0,nan,0.8250121337249025,,
1762850095.064295,CSI,nan,0.0,nan,0.8111748294388028,,
1762850095.066306,CSI,nan,0.0,nan,0.8111748294388028,,
1762850095.068318,CSI,nan,0.0,nan,0.8111748294388028,,
1762850095.068318,CSI,1432.6967765530078,1.421195311517082,nan,0.8147557206441802,,
1762850095.070328,CSI,nan,0.0,nan,0.7966968938530157,,
1762850095.072337,CSI,nan,0.0,nan,0.7966968938530158,,
1762850095.074347,CSI,nan,0.0,nan,0.7834628449969414,,
1762850095.074347,CSI,1441.890181373428,1.2988822775279656,nan,0.7800972384948784,,
1762850095.076101,CSI,nan,0.0,nan,0.7800972384948782,,
1762850095.081274,CSI,1382.377695747172,1.4026605080595191,nan,0.7807499810663455,,
1762850095.101646,CSI,nan,0.0,nan,0.7626236102545754,,
1762850095.104618,CSI,nan,0.0,nan,0.7626236102545755,,
1762850095.106632,CSI,nan,0.0,nan,0.7497905848766014,,
1762850095.107643,CSI,1430.0271705880577,1.445669629320833,nan,0.7642472811698098,,
1762850095.138772,CSI,nan,0.0,nan,0.7642472811698096,,
1762850095.166123,CSI,1447.4217296978838,1.2539330418808945,nan,0.7648790051057658,,
1762850095.171686,CSI,1381.3685917869905,1.358832080985885,nan,0.7590897860761623,,
1762850095.212864,CSI,nan,0.0,nan,0.7590897860761623,,
1762850095.218275,CSI,nan,0.0,nan,0.7590897860761623,,
1762850095.225517,CSI,nan,0.0,nan,0.7444719193705365,,
1762850095.234005,CSI,nan,0.0,nan,0.7300717389271664,,
1762850095.239496,CSI,nan,0.0,nan,0.7166121086204259,,
1762850095.291625,CSI,nan,0.0,nan,0.7166121086204259,,
1762850095.298228,CSI,1399.8940674994321,1.3627112179839573,nan,0.7124460559700077,,
1762850095.336161,CSI,nan,0.0,nan,0.698623383800254,,
1762850095.346518,CSI,nan,0.0,nan,0.6864875441854232,,
1762850095.359779,CSI,1442.498520401456,1.253719269061559,nan,0.6865208864432986,,
1762850095.375588,CSI,1383.6478148676422,1.388658288520424,nan,0.6866808642720018,,
1762850095.378888,CSI,nan,0.0,nan,0.6727021732265697,,
1762850095.378888,CSI,1438.301437276044,1.2293737535093197,nan,0.6679860227455632,,
1762850095.380895,CSI,nan,0.0,nan,0.6547814616438308,,
1762850095.382903,CSI,nan,0.0,nan,0.6418159979823286,,
1762850095.382903,CSI,nan,0.0,nan,0.6418159979823286,,
1762850095.386525,CSI,1380.4520305743297,1.2890893339464244,nan,0.6404483688774202,,
1762850095.386525,CSI,nan,0.0,nan,0.6262097786066778,,
1762850095.388533,CSI,nan,0.0,nan,0.6018206494108156,,
1762850095.390539,CSI,1386.6923410377408,1.4959128224558842,nan,0.6167797776353745,,
1762850095.393139,CSI,1422.4071942591115,1.3765921734826043,nan,0.6305456993702006,,
1762850095.393139,CSI,nan,0.0,nan,0.6173135701659676,,
1762850095.393139,CSI,1484.6822098939524,1.373281468021063,nan,0.6180799504583335,,
1762850095.393139,CSI,1411.7815389404584,1.309705859032118,nan,0.6190686155958492,,
1762850095.400014,CSI,1448.0620084825516,1.376067399410171,nan,0.6328292895899509,,
1762850095.400014,CSI,nan,0.0,nan,0.6328292895899509,,
1762850095.407662,CSI,1429.958239387582,1.3139728551443437,nan,0.6315082692016041,,
1762850095.423341,CSI,nan,0.0,nan,0.6315082692016041,,
1762850095.448110,CSI,1370.2673797028126,1.4755663310896165,nan,0.6462639325125002,,
1762850095.455156,CSI,nan,0.0,nan,0.6329775672954673,,
1762850095.455156,CSI,1451.5730752249283,1.124970525937607,nan,0.6442272725548435,,
1762850095.473701,CSI,nan,0.0,nan,0.6442272725548434,,
1762850095.486722,CSI,nan,0.0,nan,0.6442272725548435,,
1762850095.508836,CSI,1379.793215458375,1.5661496989314905,nan,0.6598887695441583,,
1762850095.508836,CSI,1433.3827251436358,1.2309550815375911,nan,0.6703591045190904,,
1762850095.512522,CSI,nan,0.0,nan,0.6503589365546852,,
1762850095.514528,CSI,1449.1038508011598,1.6949940218900885,nan,0.6488011783116561,,
1762850095.514528,CSI,nan,0.0,nan,0.6488011783116561,,
1762850095.516534,CSI,nan,0.0,nan,0.636243890564901,,
1762850095.518282,CSI,1453.887370236215,1.0444461414882469,nan,0.6272041137419828,,
1762850095.520292,CSI,nan,0.0,nan,0.6272041137419828,,
1762850095.522301,CSI,nan,0.0,nan,0.6272041137419828,,
1762850095.522301,CSI,1387.9710208754382,1.778076749755317,nan,0.6297582767455381,,
1762850095.524308,CSI,nan,0.0,nan,0.6297582767455381,,
1762850095.524308,CSI,nan,0.0,nan,0.6297582767455381,,
1762850095.524308,CSI,1367.368325901439,1.1821769572236622,nan,0.6415800463177748,,
1762850095.524308,CSI,nan,0.0,nan,0.6283962703171425,,
1762850095.542485,CSI,1461.4182769006002,1.3308026047842483,nan,0.6417042963649852,,
1762850095.552129,CSI,nan,0.0,nan,0.6287973233490086,,
1762850095.566595,CSI,1429.8783408413972,1.3277114297439623,nan,0.6266236873171713,,
1762850095.581795,CSI,1424.7411515220674,1.8546169479435757,nan,0.6451698567966071,,
1762850095.587888,CSI,nan,0.0,nan,0.6312002562630282,,
1762850095.597555,CSI,nan,0.0,nan,0.6193023865820892,,
1762850095.613425,CSI,1374.0657321046908,1.3783898629663323,nan,0.6330862852117525,,
1762850095.618955,CSI,nan,0.0,nan,0.6160465934948001,,
1762850095.629482,CSI,1410.2149165523406,1.650616025423283,nan,0.6325527537490329,,
1762850095.661088,CSI,nan,0.0,nan,0.6174671433300727,,
1762850095.661088,CSI,1396.3714842993977,1.5672813858562546,nan,0.6331399571886352,,
1762850095.671516,CSI,nan,0.0,nan,0.6331399571886352,,
1762850095.677015,CSI,nan,0.0,nan,0.6331399571886354,,
1762850095.702313,CSI,1397.6775088843674,1.2754663822908123,nan,0.6222747701859904,,
1762850095.708383,CSI,1382.4653372143648,1.3246144715049286,nan,0.6355209149010398,,
1762850095.708383,CSI,1394.3650213914389,1.4027003437559593,nan,0.6495479183385993,,
1762850095.708383,CSI,1425.4531180163926,1.4685801156709293,nan,0.6642337194953086,,
1762850095.708383,CSI,1406.0802757319689,1.2955149765757499,nan,0.6605861683564774,,
1762850095.708383,CSI,1364.865624286028,1.319307508605318,nan,0.6737792434425306,,
1762850095.708383,CSI,nan,0.0,nan,0.6572409974957045,,
1762850095.708383,CSI,nan,0.0,nan,0.644872372157287,,
1762850095.708383,CSI,nan,0.0,nan,0.6315680007619449,,
1762850095.721559,CSI,nan,0.0,nan,0.6178258005436262,,
1762850095.721559,CSI,1376.3678689011322,1.1174439342910107,nan,0.6132868391315022,,
1762850095.724023,CSI,1375.6634568375148,1.5443085007172177,nan,0.6287299241386745,,
1762850095.724023,CSI,nan,0.0,nan,0.6287299241386743,,
1762850095.724023,CSI,nan,0.0,nan,0.6125113875460915,,
1762850095.724023,CSI,1047.8330019616676,0.3727165960652824,nan,0.5989294463053617,,
1762850095.748686,CSI,1453.053843482195,1.4189499205907647,nan,0.5976507989388667,,
1762850095.748686,CSI,nan,0.0,nan,0.5976507989388667,,
1762850095.752017,CSI,nan,0.0,nan,0.5976507989388667,,
1762850095.754027,CSI,nan,0.0,nan,0.5976507989388667,,
1762850095.803371,CSI,nan,0.0,nan,0.5846190142186566,,
1762850095.805042,CSI,nan,0.0,nan,0.5709770673315115,,
1762850095.812132,CSI,nan,0.0,nan,0.556966138044993,,
1762850095.834807,CSI,nan,0.0,nan,0.556966138044993,,
1762850095.854805,CSI,nan,0.0,nan,0.556966138044993,,
1762850095.860457,CSI,nan,0.0,nan,0.556966138044993,,
1762850095.866741,CSI,nan,0.0,nan,0.556966138044993,,
1762850095.877297,CSI,1034.0831688022004,0.20400949895713066,nan,0.5447942799193934,,
1762850095.880396,CSI,nan,0.0,nan,0.5447942799193934,,
1762850095.897845,CSI,nan,0.0,nan,0.5447942799193934,,
1762850095.923268,CSI,nan,0.0,nan,0.5447942799193934,,
1762850095.929782,CSI,nan,0.0,nan,0.5318054571441138,,
1762850095.959359,CSI,nan,0.0,nan,0.5318054571441138,,
1762850095.968748,CSI,nan,0.0,nan,0.5177788520635186,,
1762850095.983256,CSI,nan,0.0,nan,0.5177788520635186,,
1762850096.009241,CSI,1048.057727417722,0.3803768019833739,nan,0.5215826200833523,,
1762850096.009241,CSI,nan,0.0,nan,0.5215826200833523,,
1762850096.014372,CSI,1044.2394361447953,0.20177642467762255,nan,0.5091436880369202,,
1762850096.016379,CSI,nan,0.0,nan,0.5091436880369202,,
1762850096.016379,CSI,1079.9189784423645,0.3423865977029304,nan,0.5000282235951407,,
1762850096.018385,CSI,nan,0.0,nan,0.48643990278528176,,
1762850096.021572,CSI,nan,0.0,nan,0.48643990278528176,,
1762850096.021572,CSI,1062.5676449054902,0.35713342332292486,nan,0.49001123701851107,,
1762850096.023579,CSI,1027.004381684908,0.38129700068279787,nan,0.4938242070253391,,
1762850096.025326,CSI,nan,0.0,nan,0.4938242070253391,,
1762850096.025326,CSI,nan,0.0,nan,0.4938242070253391,,
1762850096.025326,CSI,nan,0.0,nan,0.49382420702533897,,
1762850096.025326,CSI,nan,0.0,nan,0.48019709484549944,,
1762850096.025326,CSI,nan,0.0,nan,0.48019709484549944,,
1762850096.035492,CSI,nan,0.0,nan,0.48019709484549944,,
1762850096.049160,CSI,1060.2537432143308,0.2003457903857636,nan,0.4696633600587415,,
1762850096.056965,CSI,nan,0.0,nan,0.45577677717353715,,
1762850096.080756,CSI,nan,0.0,nan,0.45577677717353715,,
1762850096.089929,CSI,1081.0943529590745,0.019637954591383094,nan,0.44367941918435777,,
1762850096.089929,CSI,nan,0.0,nan,0.4436794191843578,,
1762850096.111922,CSI,1107.8456571201605,0.04241678752379399,nan,0.44410358705959574,,
1762850096.118012,CSI,nan,0.0,nan,0.44410358705959574,,
1762850096.120023,CSI,nan,0.0,nan,0.43121269372013143,,
1762850096.147704,CSI,1077.4177462804296,0.0033830684535570963,nan,0.43124652440466704,,
1762850096.147704,CSI,1081.834090792114,0.010230850322484851,nan,0.431348832907892,,
1762850096.151381,CSI,nan,0.0,nan,0.41638970468333314,,
1762850096.151381,CSI,nan,0.0,nan,0.40262378294850704,,
1762850096.151381,CSI,nan,0.0,nan,0.40262378294850704,,
1762850096.155889,CSI,1085.1027601107648,0.3724627319404319,nan,0.39261559558770076,,
1762850096.155889,CSI,nan,0.0,nan,0.37951853699737953,,
1762850096.155889,CSI,nan,0.0,nan,0.36575786300327784,,
1762850096.159986,CSI,nan,0.0,nan,0.36575786300327784,,
1762850096.161993,CSI,1101.8901941663698,0.03706518907781333,nan,0.35298878634261255,,
1762850096.161993,CSI,1450.6954256576862,1.673160797729694,nan,0.3697203943199095,,
1762850096.164001,CSI,1461.8351954491627,1.023443762639503,nan,0.36519916863540836,,
1762850096.167036,CSI,nan,0.0,nan,0.36519916863540836,,
1762850096.169045,CSI,nan,0.0,nan,0.3539494633760323,,
1762850096.169045,CSI,1344.025108965427,1.2872883851386108,nan,0.3668223472274184,,
1762850096.169045,CSI,nan,0.0,nan,0.3668223472274184,,
1762850096.183712,CSI,nan,0.0,nan,0.3511608502381035,,
1762850096.183712,CSI,1455.4681908579087,0.9902377850468025,nan,0.34875367727319556,,
1762850096.219635,CSI,1068.8708995945208,0.3678699524884777,nan,0.3524323767980803,,
1762850096.225180,CSI,1075.3250671308654,0.35523423103175455,nan,0.339034778889497,,
1762850096.230450,CSI,1444.530534378664,1.199462627099706,nan,0.3510294051604941,,
1762850096.246206,CSI,1082.7049459571153,0.36917533050206586,nan,0.3547211584655148,,
1762850096.250445,CSI,nan,0.0,nan,0.34427669705063224,,
1762850096.271389,CSI,nan,0.0,nan,0.3442766970506323,,
1762850096.289865,CSI,1448.120647375029,1.0593992683389981,nan,0.3548706897340223,,
1762850096.298011,CSI,nan,0.0,nan,0.3370899222364691,,
1762850096.303037,CSI,nan,0.0,nan,0.33708992223646916,,
1762850096.309867,CSI,nan,0.0,nan,0.3370899222364691,,
1762850096.329092,CSI,nan,0.0,nan,0.3252681526642325,,
1762850096.331526,CSI,nan,0.0,nan,0.3252681526642324,,
1762850096.340375,CSI,nan,0.0,nan,0.31196012661639005,,
1762850096.342487,CSI,nan,0.0,nan,0.31196012661639,,
1762850096.342487,CSI,1065.0004694834645,0.19071186540700513,nan,0.30059013097302045,,
1762850096.344771,CSI,nan,0.0,nan,0.2820439614935847,,
1762850096.346779,CSI,nan,0.0,nan,0.2820439614935847,,
1762850096.346779,CSI,nan,0.0,nan,0.2820439614935847,,
1762850096.348787,CSI,1058.9225656298008,0.1684431061726202,nan,0.26994449392564757,,
1762850096.348787,CSI,nan,0.0,nan,0.26994449392564757,,
1762850096.348787,CSI,nan,0.0,nan,0.2534383336714148,,
1762850096.348787,CSI,nan,0.0,nan,0.2534383336714148,,
1762850096.355207,CSI,nan,0.0,nan,0.23776551981285224,,
1762850096.356214,CSI,nan,0.0,nan,0.2377655198128522,,
1762850096.364266,CSI,1049.6523233909406,0.004283154623212392,nan,0.23780835135908432,,
1762850096.364266,CSI,nan,0.0,nan,0.22505368753617622,,
1762850096.364266,CSI,nan,0.0,nan,0.2118075428211269,,
1762850096.364266,CSI,1451.9241199180333,1.2468886254527776,nan,0.21024942563809507,,
1762850096.387837,CSI,nan,0.0,nan,0.19556362448138578,,
1762850096.387837,CSI,1044.2921047293232,0.012235432099789499,nan,0.18273082903662616,,
1762850096.387837,CSI,1026.9342724829082,0.1982833477380153,nan,0.17152058742795315,,
1762850096.387837,CSI,1053.7978933362886,0.19555367549354066,nan,0.1734761241828886,,
1762850096.434713,CSI,nan,0.0,nan,0.1734761241828886,,
1762850096.445940,CSI,nan,0.0,nan,0.17347612418288857,,
1762850096.450374,CSI,1067.903085490439,0.2089811160059984,nan,0.17556593534294854,,
1762850096.481772,CSI,nan,0.0,nan,0.16439149600003844,,
1762850096.496200,CSI,1058.0255195409986,0.011845325102113159,nan,0.1490668642438874,,
1762850096.503019,CSI,nan,0.0,nan,0.1490668642438874,,
1762850096.510413,CSI,1423.2867999244124,1.4642799645469817,nan,0.1637096638893572,,
1762850096.513771,CSI,1055.367234662892,0.16413639720132542,nan,0.16162386190071767,,
1762850096.546383,CSI,nan,0.0,nan,0.14743436269481,,
1762850096.569432,CSI,nan,0.0,nan,0.14743436269481,,
1762850096.576509,CSI,nan,0.0,nan,0.14743436269481,,
1762850096.609167,CSI,nan,0.0,nan,0.14743436269481,,
1762850096.619225,CSI,1426.4641315251722,1.0622049282967316,nan,0.1580564119777773,,
1762850096.646566,CSI,nan,0.0,nan,0.1580564119777773,,
1762850096.648572,CSI,1041.2958273228603,0.16865320813023638,nan,0.15974294405907968,,
1762850096.650580,CSI,nan,0.0,nan,0.15974294405907968,,
1762850096.652589,CSI,1428.3528650603512,1.1972642203526334,nan,0.17171558626260602,,
1762850096.654597,CSI,1433.661956285703,1.4525691929905442,nan,0.18624127819251146,,
1762850096.656607,CSI,nan,0.0,nan,0.18624127819251146,,
1762850096.658612,CSI,nan,0.0,nan,0.18420118320294016,,
1762850096.658612,CSI,nan,0.0,nan,0.18420118320294016,,
1762850096.660618,CSI,1440.0280102646814,1.2606419042138406,nan,0.19680760224507857,,
1762850096.660618,CSI,1050.001904760177,0.3814204719104316,nan,0.20062180696418289,,
1762850096.660618,CSI,nan,0.0,nan,0.20062180696418289,,
1762850096.660618,CSI,1436.0379093975662,1.1298151533093885,nan,0.21191995849727674,,
1762850096.660618,CSI,nan,0.0,nan,0.21191995849727674,,
1762850096.660618,CSI,nan,0.0,nan,0.21191995849727674,,
1762850096.660618,CSI,nan,0.0,nan,0.208116190477443,,
1762850096.672464,CSI,nan,0.0,nan,0.208116190477443,,
1762850096.688344,CSI,1050.3380408230485,0.37551921058013243,nan,0.20985361833646812,,
1762850096.688344,CSI,1443.1260074234583,1.0393976654872845,nan,0.220247594991341,,
1762850096.719814,CSI,1049.5508563190256,0.37771574337143127,nan,0.220600886448026,,
1762850096.719814,CSI,nan,0.0,nan,0.220600886448026,,
1762850096.735631,CSI,1042.253807860638,0.3789708052642686,nan,0.22439059450066867,,
1762850096.747858,CSI,nan,0.0,nan,0.22081926026743942,,
1762850096.770018,CSI,nan,0.0,nan,0.21700629026061147,,
1762850096.773690,CSI,nan,0.0,nan,0.21700629026061144,,
1762850096.773690,CSI,nan,0.0,nan,0.21700629026061144,,
1762850096.775698,CSI,nan,0.0,nan,0.21700629026061144,,
1762850096.775698,CSI,nan,0.0,nan,0.21700629026061144,,
1762850096.777704,CSI,1039.155907455662,0.005730519057635565,nan,0.2170635954511878,,
1762850096.777704,CSI,nan,0.0,nan,0.2170635954511878,,
1762850096.781398,CSI,nan,0.0,nan,0.21506013754733014,,
1762850096.783134,CSI,1100.9350292000904,0.26962962380310895,nan,0.21775643378536125,,
1762850096.783134,CSI,1046.2131713948168,0.022067347073968124,nan,0.21797710725610092,,
1762850096.783134,CSI,nan,0.0,nan,0.21778072771018706,,
1762850096.783134,CSI,nan,0.0,nan,0.21778072771018706,,
1762850096.783134,CSI,nan,0.0,nan,0.21735655983494911,,
1762850096.783134,CSI,nan,0.0,nan,0.21735655983494914,,
1762850096.799143,CSI,nan,0.0,nan,0.21735655983494914,,
1762850096.799143,CSI,nan,0.0,nan,0.21732272915041356,,
1762850096.816517,CSI,nan,0.0,nan,0.21722042064718872,,
1762850096.841267,CSI,nan,0.0,nan,0.21722042064718872,,
1762850096.846635,CSI,1031.952033769012,0.18163484468530508,nan,0.2190367690940418,,
1762850096.846635,CSI,nan,0.0,nan,0.21903676909404177,,
1762850096.862615,CSI,1044.6956494596884,0.3729229036812353,nan,0.2190413708114498,,
1762850096.871911,CSI,nan,0.0,nan,0.2190413708114498,,
1762850096.891279,CSI,nan,0.0,nan,0.2190413708114498,,
1762850096.907328,CSI,1036.9069389294298,0.017635813215625244,nan,0.21921772894360608,,
1762850096.916806,CSI,nan,0.0,nan,0.21884707705282794,,
1762850096.928002,CSI,nan,0.0,nan,0.202115469075531,,
1762850096.941985,CSI,nan,0.0,nan,0.19188103144913599,,
1762850096.953703,CSI,nan,0.0,nan,0.19188103144913599,,
1762850096.955618,CSI,nan,0.0,nan,0.19188103144913599,,
1762850096.955618,CSI,nan,0.0,nan,0.17900814759774986,,
1762850096.958558,CSI,nan,0.0,nan,0.17900814759774986,,
1762850096.958558,CSI,nan,0.0,nan,0.17900814759774988,,
1762850096.958558,CSI,nan,0.0,nan,0.16910576974728184,,
1762850096.958558,CSI,nan,0.0,nan,0.16542707022239703,,
1762850096.958558,CSI,nan,0.0,nan,0.16187472791207952,,
1762850096.958558,CSI,nan,0.0,nan,0.14988010164108245,,
1762850096.958558,CSI,nan,0.0,nan,0.14618834833606179,,
1762850096.958558,CSI,nan,0.0,nan,0.14618834833606179,,
1762850096.958558,CSI,nan,0.0,nan,0.14618834833606179,,
1762850096.958558,CSI,1416.0951664976872,1.3283714338400978,nan,0.1488780699910728,,
1762850096.974203,CSI,1418.0093000579284,1.5495548585347485,nan,0.16437361857642027,,
1762850096.978388,CSI,1429.3070222701322,1.0440209457989444,nan,0.17481382803440973,,
1762850096.997953,CSI,nan,0.0,nan,0.17481382803440973,,
1762850096.999666,CSI,nan,0.0,nan,0.17481382803440973,,
1762850097.000749,CSI,nan,0.0,nan,0.17481382803440976,,
1762850097.002297,CSI,nan,0.0,nan,0.17481382803440973,,
1762850097.036359,CSI,nan,0.0,nan,0.17481382803440973,,
1762850097.057361,CSI,nan,0.0,nan,0.17290670938033967,,
1762850097.066470,CSI,nan,0.0,nan,0.1729067093803397,,
1762850097.087931,CSI,nan,0.0,nan,0.17290670938033967,,
1762850097.106186,CSI,nan,0.0,nan,0.1729067093803397,,
1762850097.112100,CSI,nan,0.0,nan,0.17122227831861345,,
1762850097.115590,CSI,nan,0.0,nan,0.17122227831861347,,
1762850097.121663,CSI,nan,0.0,nan,0.17122227831861345,,
1762850097.124775,CSI,1153.137025682551,0.18186301275865807,nan,0.17304090844620007,,
1762850097.173657,CSI,nan,0.0,nan,0.17304090844620001,,
1762850097.180510,CSI,nan,0.0,nan,0.17304090844620007,,
1762850097.206661,CSI,1431.5108170021517,1.1714964120678217,nan,0.18471304102064612,,
1762850097.224003,CSI,nan,0.0,nan,0.18471304102064615,,
1762850097.227135,CSI,nan,0.0,nan,0.18471304102064612,,
1762850097.250499,CSI,nan,0.0,nan,0.17224415476611835,,
1762850097.250499,CSI,nan,0.0,nan,0.17224415476611835,,
1762850097.254952,CSI,nan,0.0,nan,0.17212180044512046,,
1762850097.254952,CSI,1422.3122430188669,1.654752258787162,nan,0.18668648955561193,,
1762850097.256958,CSI,nan,0.0,nan,0.18473095280067653,,
1762850097.258464,CSI,nan,0.0,nan,0.18473095280067653,,
1762850097.258464,CSI,nan,0.0,nan,0.18473095280067653,,
1762850097.262542,CSI,1465.9566937513944,1.1823854922092967,nan,0.1944649965627095,,
1762850097.262542,CSI,nan,0.0,nan,0.1944649965627095,,
1762850097.264548,CSI,1484.311117495959,1.1291992730621723,nan,0.2056385360423101,,
1762850097.266555,CSI,1085.0792597778284,0.22824928386187396,nan,0.20792102888092884,,
1762850097.266555,CSI,1082.8942700005389,0.18588847304642045,nan,0.19513711396592323,,
1762850097.266555,CSI,nan,0.0,nan,0.19349574999390998,,
1762850097.266555,CSI,1472.2985852880622,1.1864081914908182,nan,0.20535983190881818,,
1762850097.273809,CSI,1076.695871636926,0.16755371142010742,nan,0.20703536902301928,,
1762850097.273809,CSI,1095.7047960103123,0.16717177729894683,nan,0.2087070867960087,,
1762850097.290246,CSI,nan,0.0,nan,0.2087070867960087,,
1762850097.290246,CSI,1476.1389442067805,0.7888663434269912,nan,0.20597370094731132,,
1762850097.321280,CSI,1126.2455327325388,0.3486727668805366,nan,0.20946042861611666,,
1762850097.321280,CSI,nan,0.0,nan,0.2077738965348143,,
1762850097.321280,CSI,1496.2615842037706,0.9867760227311794,nan,0.21764165676212607,,
1762850097.338152,CSI,1102.8191148143924,0.3523986137950595,nan,0.20919300069655034,,
1762850097.352835,CSI,1095.9972627703046,0.1998124062599426,nan,0.19666543282924429,,
1762850097.368779,CSI,1340.356634036219,1.3569063506605865,nan,0.2102344963358502,,
1762850097.377267,CSI,1088.434655824593,0.03195368224784972,nan,0.21055403315832869,,
1762850097.377267,CSI,1419.908887546282,1.2374239756024925,nan,0.22292827291435363,,
1762850097.379274,CSI,1054.628844665269,0.17127439207622544,nan,0.21203459779297748,,
1762850097.381280,CSI,nan,0.0,nan,0.2082203930738732,,
1762850097.381280,CSI,nan,0.0,nan,0.20822039307387313,,
1762850097.383941,CSI,1044.1039220307528,0.18523907008929708,nan,0.19877463224167222,,
1762850097.383941,CSI,1053.9644206518549,0.17102837360420564,nan,0.20048491597771428,,
1762850097.383941,CSI,1438.2027416191238,0.9120943735087493,nan,0.20960585971280177,,
1762850097.383941,CSI,nan,0.0,nan,0.20960585971280177,,
1762850097.383941,CSI,nan,0.0,nan,0.20960585971280177,,
1762850097.383941,CSI,nan,0.0,nan,0.20585066760700044,,
1762850097.383941,CSI,1434.8976980566747,1.319322465875228,nan,0.20864991561087995,,
1762850097.383941,CSI,1441.7285723477112,1.2467042241504462,nan,0.21733980041867004,,
1762850097.405734,CSI,1063.1636750754797,0.18007087768536018,nan,0.21914050919552366,,
1762850097.420388,CSI,nan,0.0,nan,0.21535080114288094,,
1762850097.439336,CSI,nan,0.0,nan,0.21535080114288097,,
1762850097.447009,CSI,1048.2413844148684,0.20511365672555165,nan,0.21740193771013647,,
1762850097.447009,CSI,nan,0.0,nan,0.2174019377101365,,
1762850097.447009,CSI,1447.2278489925889,0.9990783224163001,nan,0.2273927209342995,,
1762850097.462878,CSI,1446.1578808284255,1.149577034125576,nan,0.23888849127555523,,
1762850097.475042,CSI,1055.6675613089567,0.2064040523907693,nan,0.24095253179946294,,
1762850097.499954,CSI,nan,0.0,nan,0.24089522660888657,,
1762850097.510694,CSI,nan,0.0,nan,0.24089522660888657,,
1762850097.510694,CSI,1457.9277220446477,1.0007188917985708,nan,0.25090241552687226,,
1762850097.526510,CSI,nan,0.0,nan,0.2482061192888412,,
1762850097.526510,CSI,nan,0.0,nan,0.24798544581810153,,
1762850097.554735,CSI,nan,0.0,nan,0.24798544581810156,,
1762850097.561341,CSI,1082.4513845896267,0.03940681639248401,nan,0.24837951398202637,,
1762850097.561341,CSI,1445.0782243070503,0.7909925816765252,nan,0.25628943979879165,,
1762850097.563679,CSI,nan,0.0,nan,0.25628943979879165,,
1762850097.563679,CSI,nan,0.0,nan,0.25628943979879165,,
1762850097.563679,CSI,1060.0382068586018,0.16776712279041595,nan,0.2579671110266958,,
1762850097.563679,CSI,nan,0.0,nan,0.2579671110266958,,
1762850097.563679,CSI,1477.1429194501898,1.4802980775930936,nan,0.2727700918026267,,
1762850097.563679,CSI,1464.081498213016,1.3183226453425299,nan,0.28413696980919895,,
1762850097.563679,CSI,nan,0.0,nan,0.28413696980919895,,
1762850097.573933,CSI,1461.3638614431122,1.1212402368812162,nan,0.2916201431411988,,
1762850097.573933,CSI,nan,0.0,nan,0.2916201431411987,,
1762850097.573933,CSI,nan,0.0,nan,0.2916201431411988,,
1762850097.579031,CSI,nan,0.0,nan,0.29144378500904256,,
1762850097.585819,CSI,1081.8396369148247,0.23073008177398477,nan,0.2937510858267824,,
1762850097.585819,CSI,1493.763145307983,0.8729893987673855,nan,0.30248097981445615,,
1762850097.605633,CSI,nan,0.0,nan,0.3024809798144562,,
1762850097.609926,CSI,nan,0.0,nan,0.30248097981445615,,
1762850097.609926,CSI,1083.8325516425496,0.18376046950560168,nan,0.3043185845095122,,
1762850097.611943,CSI,nan,0.0,nan,0.30431858450951216,,
1762850097.613954,CSI,1488.7574295621125,1.3123386662318723,nan,0.317441971171831,,
1762850097.655765,CSI,nan,0.0,nan,0.31744197117183093,,
1762850097.684846,CSI,nan,0.0,nan,0.31744197117183093,,
1762850097.695706,CSI,nan,0.0,nan,0.317441971171831,,
1762850097.719844,CSI,1467.7764495360307,1.4286244861079505,nan,0.3317282160329104,,
1762850097.735644,CSI,nan,0.0,nan,0.3317282160329105,,
1762850097.741354,CSI,nan,0.0,nan,0.3317282160329105,,
1762850097.751293,CSI,1054.9829382506618,0.0190784322632173,nan,0.3319190003555426,,
1762850097.751293,CSI,nan,0.0,nan,0.33191900035554256,,
1762850097.761021,CSI,nan,0.0,nan,0.3186352860171417,,
1762850097.806920,CSI,1447.4285294679626,1.1910832608208033,nan,0.31505057004000225,,
1762850097.820415,CSI,1459.5115973777904,1.1989557096876258,nan,0.31659991767888906,,
1762850097.852140,CSI,nan,0.0,nan,0.31659991767888906,,
1762850097.859632,CSI,1099.7252962115072,0.4131901108627095,nan,0.3207318187875161,,
1762850097.877962,CSI,nan,0.0,nan,0.3207318187875161,,
1762850097.877962,CSI,nan,0.0,nan,0.3207318187875161,,
1762850097.877962,CSI,nan,0.0,nan,0.3207318187875161,,
1762850097.877962,CSI,1434.0032513115364,1.346943392253723,nan,0.3342012527100533,,
1762850097.893947,CSI,nan,0.0,nan,0.3342012527100533,,
1762850097.895955,CSI,nan,0.0,nan,0.3342012527100533,,
1762850097.897962,CSI,1392.7271675431828,1.5647976624388296,nan,0.3498492293344416,,
1762850097.897962,CSI,nan,0.0,nan,0.3498492293344416,,
1762850097.897962,CSI,nan,0.0,nan,0.3498492293344416,,
1762850097.897962,CSI,nan,0.0,nan,0.3498492293344416,,
1762850097.897962,CSI,nan,0.0,nan,0.3480305992068551,,
1762850097.897962,CSI,nan,0.0,nan,0.348030599206855,,
1762850097.909590,CSI,nan,0.0,nan,0.3480305992068551,,
1762850097.925347,CSI,nan,0.0,nan,0.3363156350861769,,
1762850097.943470,CSI,1430.8366100960536,1.5539872210045484,nan,0.3518555072962223,,
1762850097.957347,CSI,nan,0.0,nan,0.3518555072962223,,
1762850097.957347,CSI,nan,0.0,nan,0.35185550729622234,,
1762850097.957347,CSI,nan,0.0,nan,0.35185550729622234,,
1762850097.984753,CSI,nan,0.0,nan,0.3518555072962223,,
1762850097.985876,CSI,nan,0.0,nan,0.33530798470835066,,
1762850098.017879,CSI,nan,0.0,nan,0.33530798470835066,,
1762850098.017879,CSI,1474.2735861647957,1.457689749081818,nan,0.3498848821991688,,
1762850098.017879,CSI,nan,0.0,nan,0.3498848821991688,,
1762850098.017879,CSI,nan,0.0,nan,0.3380610272770759,,
1762850098.017879,CSI,1428.781480095978,1.3962196483368272,nan,0.35202322376044415,,
1762850098.027288,CSI,nan,0.0,nan,0.34073123102982245,,
1762850098.029298,CSI,nan,0.0,nan,0.33844873819120375,,
1762850098.029298,CSI,nan,0.0,nan,0.3365898534607395,,
1762850098.033876,CSI,1393.1688724089777,1.6245476297021129,nan,0.35283532975776066,,
1762850098.035873,CSI,1456.2012991975491,1.270596579720585,nan,0.35367721364005833,,
1762850098.049879,CSI,1373.2473468249536,1.687548687107912,nan,0.3688771633969364,,
1762850098.056337,CSI,1306.385250755614,1.2290542056996026,nan,0.3794959876809429,,
1762850098.079179,CSI,1339.3218197504343,1.3531445570862586,nan,0.3930274332518055,,
1762850098.092179,CSI,1369.840352513429,1.4837846336327958,nan,0.39997661615386354,,
1762850098.100018,CSI,1365.1552638352127,1.7535940549146227,nan,0.41402582903420443,,
1762850098.108210,CSI,1298.824468836063,1.2678189624793454,nan,0.4267040186589978,,
1762850098.123499,CSI,1380.5547015223879,1.4903935710402794,nan,0.43174019414208886,,
1762850098.127720,CSI,1327.967352686059,1.3555420157272196,nan,0.4417716281614104,,
1762850098.143375,CSI,1329.4324672692885,1.8646703806108054,nan,0.4584202079049191,,
1762850098.157156,CSI,1295.7389151576122,1.5477215938121476,nan,0.46032836033643465,,
1762850098.176906,CSI,1376.5909652528019,0.9518249869571891,nan,0.4695270733835281,,
1762850098.184538,CSI,1326.1688752052482,2.5141253400365047,nan,0.48229408702786825,,
1762850098.188232,CSI,1279.5068619657854,1.1467434474292402,nan,0.49204877758139837,,
1762850098.202338,CSI,1355.5202021188302,1.4559946021178287,nan,0.5066087236025766,,
1762850098.222400,CSI,1317.406041759662,1.4902102279045388,nan,0.521510825881622,,
1762850098.226840,CSI,1266.110721457338,1.4294118731328536,nan,0.5339525539120575,,
1762850098.228841,CSI,1295.1354208769833,1.8032374712945052,nan,0.5502746448889606,,
1762850098.230407,CSI,1331.3803753431173,1.9449267878358703,nan,0.5606029690322318,,
1762850098.232567,CSI,1322.6121870104698,1.5117716396595393,nan,0.5757206854288273,,
1762850098.234626,CSI,1261.5763603206271,1.3124048900883265,nan,0.5888447343297104,,
1762850098.235626,CSI,1309.840695702266,1.4471461423560088,nan,0.6033161957532706,,
1762850098.237941,CSI,1287.10194136116,0.9279929539684637,nan,0.599402900634203,,
1762850098.240134,CSI,1335.743096095707,1.4560150117408777,nan,0.6014960085101072,,
1762850098.242173,CSI,1205.7102835999717,1.4621083194661528,nan,0.6143163829279152,,
1762850098.244137,CSI,1329.427894591839,1.4801367744142355,nan,0.6291177506720574,,
1762850098.245512,CSI,1294.7442381600983,0.5787668357595355,nan,0.634905419029653,,
1762850098.247545,CSI,1293.0423970156435,1.434940524730011,nan,0.6472036877096974,,
1762850098.254368,CSI,1281.3330904051209,1.4503520480951302,nan,0.6617072081906489,,
1762850098.276448,CSI,1287.8533953208466,1.8215309491421712,nan,0.6699317344579074,,
1762850098.280803,CSI,1208.8522006717233,0.8068044851830971,nan,0.6665040089684825,,
1762850098.282102,CSI,1251.8756231687569,1.5782909015188125,nan,0.680222877459763,,
1762850098.284405,CSI,1302.7614263726407,1.2791328218816838,nan,0.6930142056785799,,
1762850098.333220,CSI,1229.436497643534,1.6145529130531129,nan,0.7091597348091112,,
1762850098.345478,CSI,1248.8305374606148,1.1929198457438108,nan,0.7110817443485635,,
1762850098.354544,CSI,1346.4111369634918,1.505653781582332,nan,0.7261382821643869,,
1762850098.382607,CSI,1236.8253058548812,1.5937716042664158,nan,0.7420759982070512,,
1762850098.397637,CSI,1325.9565029463442,1.4663606340992297,nan,0.7567396045480435,,
1762850098.406547,CSI,1367.811297668236,0.46670209847779615,nan,0.7610125573688964,,
1762850098.415242,CSI,1321.7704100840385,1.407079976759865,nan,0.7671734313197297,,
1762850098.422314,CSI,1228.3307601052563,0.6054198517475382,nan,0.773227629837205,,
1762850098.427314,CSI,1369.471008098454,0.5861876358779972,nan,0.779089506195985,,
1762850098.471988,CSI,1283.7583168524097,1.7148734958347183,nan,0.794560569926428,,
1762850098.481539,CSI,1276.554482815795,0.63446228527457,nan,0.8009051927791738,,
1762850098.481539,CSI,1276.9855464791956,2.197008206599172,nan,0.8080722940692345,,
1762850098.514897,CSI,1213.3244123821805,1.4996156567751615,nan,0.8098852241835611,,
1762850098.573135,CSI,1288.0551259949389,1.9086259105321768,nan,0.8289714832888826,,
1762850098.575147,CSI,1299.9736765945406,0.6114120044693241,nan,0.823873200964764,,
